Price,rsi,macd_line,signal_line,macd_hist,bb_mid,bb_upper,bb_lower,momentum_ts,returns,volatility,rolling_volatility,roll_mean_10,roll_std_10,roll_min_10,roll_max_10,Volume,volume_ma,rvol,obv,vol_roll_mean_10,vol_roll_std_10,vol_roll_min_10,vol_roll_max_10,atr,macd_v
9.794287370240116e-05,-0.00016149405518933754,0.00010496796539390613,0.0001892872434767295,2.6238687003624892e-05,0.00018566731022995613,9.657316814113806e-05,7.822308635545925e-05,-0.00018952006946836426,-0.0002631820514890243,0.0,0.00016689599418038534,-2.9304429510017836e-05,0.00015329793261981668,-0.00011687589388079856,7.629687947521346e-05,-7.533965032188656e-05,-5.884749511213913e-05,-0.00017471700841298823,-0.0001638819057242158,-0.0005750945654364836,0.0009899275296176367,5.7020877683269175e-05,-0.00033371776866482453,4.229666445584425e-05,4.987211279231381e-07
0.00012691195007431445,-5.59976117010426e-05,3.8479972768243394e-05,0.00021375223896411366,-4.079182689684706e-05,0.0002533861047866827,7.8992112896621e-05,-0.00012289146024012617,-0.0001654116353509036,0.00016046508439945058,0.0,0.00012329128840655982,-3.768974738589245e-05,-9.053371701892988e-05,-0.00013750799354323999,0.00016132368150143176,0.0001787702348893026,-0.0003499484227720854,-1.652475582503605e-05,-0.00015776502108427634,-0.0006024497454006564,0.0003577482013741942,6.77951043434163e-05,-0.0006239964266159901,0.00012884625692259548,5.871376954278933e-06
0.00018487344655426113,5.0263768463092364e-05,-3.217810980468579e-05,4.823142964407057e-05,9.330049082564386e-05,0.00024138406142516417,-5.4544366963209755e-06,-0.00017259371793475415,-0.00019325431377136066,-0.00047486125489931485,0.0,-3.9254637521873604e-05,-0.00016637803419667927,-0.00026545143126582626,-5.568541568225383e-05,2.4513731099798237e-06,0.00020266428196709854,-0.0004037737215135288,-0.00014535637755743003,-0.00020551092722453278,-0.0011216561273369658,0.0007031428970729505,5.50832827780117e-06,-0.00040648771109965293,7.317444082895297e-05,-2.4521760797525752e-05
0.0001773688061271392,0.0001806144615508849,4.574673979317007e-05,0.00010908573764519879,0.00010301926337269996,0.0003749395610253733,-2.922803902805142e-05,-0.00017006115134100326,-9.259456311591375e-05,0.0005558325657636099,0.0,9.449898139165936e-05,-0.00015780161983997284,-6.537064445873526e-05,8.677125553928785e-05,4.104325140942125e-05,0.001955185635279981,-0.0007379140786722681,7.834639063497581e-05,-0.00017716035289639775,-0.0010186790941106637,4.451026009031355e-05,0.0001061044541318778,-0.00038581597532849615,0.00011199259866872406,-8.020349636937554e-05
0.00014531882849635309,-0.00013785243252345127,3.9111165250390715e-05,7.667809894457808e-05,-0.00020781896291513857,7.907465463653889e-05,0.000197946688591354,-0.00018720662079158468,-0.0002657725454072377,0.00011526340237490928,0.0,0.00020367286160506042,-3.347649826297471e-05,-4.81066833020034e-05,6.632374857485978e-05,1.7776021502532303e-05,0.00043854036705429333,-0.0008459093482204809,-0.000463721402632661,-0.00023730635835683277,0.00031045028451380616,-0.0003681718945173122,-0.00010701520870182457,-0.0003991178162988461,8.38427324451092e-05,-0.00014342916721761097
0.00038570145810594084,-3.399720910400652e-05,-8.250491959985901e-05,4.932266493109099e-05,-2.9729461035295365e-05,7.371621337594026e-05,9.474089704525197e-05,-0.00014859463623379841,-0.00011723520583823495,0.00018771888040460924,0.0,0.00019524198357916847,-0.00013140787433016255,-4.112065429764967e-05,5.162081442051432e-05,7.985805820480706e-05,0.0005646831653698795,-0.000787730258484239,-0.0003548228372889763,-0.0002201999638349073,0.0006290203416979043,-0.00019828543083789068,-4.4231187293212085e-05,-0.0003902467213257226,9.683476760636819e-05,-4.932338653522125e-05
0.00013563192221707602,-2.3586938378488265e-06,4.74960730553462e-05,0.00015190121497930578,-6.68880888503238e-05,0.00024070022660598346,6.15652477896758e-05,-8.023775179896942e-05,-0.00018882022992080483,-0.0003156928528345531,0.0,6.463101604082951e-05,-4.232896903624725e-05,-0.0001555894416994749,-0.00013176072908201015,7.025489105909048e-05,0.0007814829050362351,-0.0004762521332540818,-2.3426475458745694e-06,-0.00017373580586985327,-0.0004548987060491106,-0.0001021595459496425,-7.414851691339898e-05,-0.00030787030628279363,0.0001626469350308644,-1.4287016232707861e-05
0.0002065079843779856,-2.132263629517997e-05,5.117981907667361e-05,0.00024346418410811334,-0.0001026014820946461,0.00019861171563695284,7.87077830945441e-05,-0.00011956981173942826,-0.0003583810209886175,0.0004631596003587176,0.0,0.00038288535592008205,-7.283479466824672e-05,-0.00019801262244770225,-0.00015365437214949948,0.0001098397089006562,0.00039139624319555985,-0.0005559402996877924,-0.0005215128100124487,-0.00020451843284240482,-0.0005817144433105781,-0.0002912083107166345,-0.00015111985398787305,-0.0004491057263433347,4.5087756974495365e-05,6.44940642054934e-05
0.0004069920693472824,-6.486255040081366e-05,2.2341705210536636e-05,9.445619030307213e-05,-0.00012025721569050046,0.00017300805751325284,-0.00011189041757368827,-0.0001305901547386873,-0.00014621661685497255,9.494354863666457e-05,0.0,0.00024309443508728506,-8.22997971151843e-05,-6.47232023647719e-05,-3.0545782925062705e-05,0.00014662301734579924,0.00021697655243633002,-0.00037056758118055055,-0.00047752165890779666,-0.00012021559077260605,-0.000777323206528528,-0.00011480674642396711,-6.720164622748942e-05,-0.0003294376910787425,-6.491555790244884e-06,4.71109390693093e-06
0.0004536860341061159,-9.801106759142374e-06,5.183635400948775e-05,0.00014683276091250036,-0.00017418075634253235,0.0003302712789564877,-5.563790288011262e-05,-8.020618856617945e-05,4.085993863489533e-05,-0.00010595940841889334,0.0,0.00014799598575741834,-7.15888478365208e-05,-4.641453524818191e-05,-4.07675183195928e-06,0.00020447481495660714,0.0016730827063537032,-0.0005410294300283038,-8.632633957810007e-05,-0.00024112012000542101,-0.0009691375387852042,0.0002371320601140238,-0.0006563857577276154,-0.00022670202756781087,-1.899880348154159e-05,9.456361428917862e-05
0.0007028706108805541,6.215246131436016e-06,4.676922041131081e-05,0.0002036936885470243,-4.666244790718719e-05,0.00020942167358562277,0.00012563246072909713,4.3638102174025694e-05,-0.00016254341608580396,0.0005798256411249313,0.0,0.0004615283485468361,4.5326403646184646e-05,-1.5472162620526498e-05,7.230270277965461e-07,0.00019627295159389954,0.0002918687313673452,-0.00014244675913929769,-0.00027489579865930334,-8.989948894931917e-05,-0.001028776664683624,0.0002277955772848894,-0.00025615442481764425,-8.758826858020487e-05,9.775210549220962e-05,8.177732014312948e-05
0.00036788048767403853,3.5750944893474406e-05,7.347019194165232e-05,0.0002662867829626603,-0.00013511724835471833,0.00031247090481273377,7.49447889816391e-05,-0.0001670298423866167,-8.264300885784098e-05,-0.0011903492813901348,0.0,-3.1503610702514e-05,-3.907219173027037e-06,0.00011659189041232022,-5.845159504381232e-05,0.00017587729760555618,0.0005155024448564338,-0.00010186588694997282,9.62236893980776e-05,-8.543743315553515e-05,-0.0010400777912900896,2.4686264958329325e-05,-0.0003916679577105588,-0.00017738023952656607,0.00029143781215488417,-2.142132121048954e-06
0.00040554052630911665,-0.0003395090478954986,-6.832934225447812e-06,6.732797636069279e-05,-6.83092575309139e-05,0.0002409452714061964,9.746130367126887e-06,-0.00036851321591668416,-0.00017800056353791183,-0.0011642233880306318,0.0,-0.0006367534247534091,-0.00013463777768806342,-6.871944900257285e-05,-0.00022738169996792826,9.869671329376549e-05,-0.0005721048727145519,0.00012337587450205392,0.0005924641565734075,-0.00021326313766332998,-0.0010886010084065183,1.046552803378563e-05,-0.0005142277406761385,-0.0003112573248863809,0.00022634116558155085,-3.9576513411658785e-06
0.0007315678293467071,3.8747060203076106e-05,3.3312475380375325e-05,0.00010821961239270487,-0.00010763625740317133,0.0001547985300871162,-0.00019533757084931675,-0.00012897152906678636,-0.00029366281049388043,0.003458704798924402,0.0,3.0199785685259207e-06,-8.028582213193998e-05,7.589572645352825e-05,0.00041205640914226515,0.00016352377351347438,0.0002628314488457629,-7.695242136996453e-05,-0.00022651720179420456,-0.00013197888351556078,-0.001011765673398668,-0.00014122486016279246,-8.094210286458348e-05,-0.00032036463191384494,0.0001088997532478362,1.1007870534862747e-05
0.0008757122790052784,-0.00015366296516344444,-0.00016529349541185323,0.00020514350868599556,5.0297044522455584e-05,0.00028257401454675373,-0.0002495228110673108,0.00021973447594299787,-0.0002149491984348119,-0.00016007492139731707,0.0,-0.00020275903262373466,-4.2539698233298715e-05,0.00026417332579789504,0.0004519837302668658,0.00010945870433160336,0.0006641566814622637,-0.00020214011627585208,0.0001653242360778875,-0.00016040062144717464,-0.0007207187529852448,-0.00029515866871671363,-0.00041703770664884186,-0.0003610698499091163,0.00036845320837524065,2.2175387056102837e-05
0.0010160110877806521,3.477187461131079e-05,-3.242642319924952e-05,0.00035842973866502526,4.940326148977842e-05,0.000411587665424156,-0.00012070860896977124,0.0002554485868654551,-0.00013152317951978823,-7.883034241614091e-05,0.0,-0.00029102364222194523,-1.083837294108789e-05,0.00017488183625834336,0.00044407923003170343,0.0001400249147004146,0.001032357527914279,-0.00019765717907952238,0.00021240369859058418,-0.0002977275863522004,-0.00034176543556184213,-0.00023987046683131,0.00018368019134878074,-0.00040984440291985696,0.00014007704746508528,1.0022965186706244e-05
0.0005868281934844359,7.814688091782536e-05,-5.382711000747085e-05,0.00022995346135884953,0.0001872392942331812,0.00048447237247912025,-0.0001939633228263019,0.0005082247216418466,-0.00015564462628426666,-0.0005782422746473501,0.0,-0.0008746914003347869,5.557990140044395e-06,-1.4997976456316061e-05,0.0003032025455175446,-2.01945000055128e-05,-0.0008293003553732662,3.2159434125130194e-06,-0.001287019282391872,-0.00016343984403544161,-0.0017093269811574092,-0.00016372531762355027,-0.0004730773002374764,-0.0006297304803868587,-0.0002828953247911372,-0.00014372579286083556
0.0008767009911537434,3.335578532329222e-05,-0.000280483420780523,0.000155344915279374,0.0002292579450416563,0.0003310917914658359,-0.0002472486818177103,0.0004536039591325692,-0.00015402047398372943,-6.447047992520419e-05,0.0,-0.0008143965304414592,-5.869498739500943e-05,-8.301462067427386e-05,4.3246450702460845e-05,-5.565039930215773e-06,-0.0006964531270341728,-2.9026246091613473e-05,-0.0009372640365186008,-0.00028395871097866484,-0.0009858239901074884,0.00013574434561634816,-0.00011662523826603599,-0.00031032377799589827,2.763951557874669e-06,-8.521080554534471e-05
0.0005879035129726161,0.00020183085423659486,-0.00010404958118047803,-0.0001550820408119462,0.0008108994498191902,0.00030556695894288745,-0.00021646138571252348,0.0004527893701915351,-5.087107800427671e-05,9.89927318700491e-05,0.0,-0.0005924904774957667,-2.4113901157380906e-05,1.7197550604714513e-05,0.00021837476012475344,-1.7403104300099383e-05,-0.0007297647879629109,6.839882020435678e-05,-0.0010710049827377885,-0.00019402185156604636,-0.0015647357913998212,0.00023845869943370235,7.061851189666808e-06,-0.00034461528778411505,-4.9173084621530627e-05,8.407385588535321e-06
0.0005139978531169333,0.00024290810102892095,-4.049048892354283e-05,-0.00015385634472027637,0.0007055908135308366,0.00018067352454561464,-0.00011061008672469497,0.0005111946908993814,7.038923401362504e-05,0.00043927625799184897,0.0,-0.0004451180526889132,-6.222591616030195e-05,-0.0001625664153010999,0.00039956468478214027,-8.125186209412928e-06,-0.0006795387233169891,7.547964797683805e-05,-0.00028353116625036694,-0.00021469703249728304,-0.001431892640240708,0.0002923899806790604,-5.186773512648607e-05,-0.00029982065822167786,-3.5869937281084856e-05,-0.00019986207677260412
0.0004376906116353753,0.00028182335484390036,2.3128767248158825e-05,-0.00019088737121900323,0.0008066897364224988,0.0004064901939953143,-0.0001639476118076098,0.00023124306954561098,0.00016695330857734617,0.0001822239072586915,0.0,-0.00029323605004114917,-0.00016471902906425588,-0.000205420959547826,0.0003605111888589933,5.0614054188454905e-05,-0.00012983703697359888,0.00021358754057522152,-0.00022625638135320114,-0.0002797892984456714,0.0004355880080786157,0.0005817806442562325,-2.200019076190928e-06,-0.00023028809862869935,3.6337495268574193e-05,-0.00011870605580396515
0.0006181419394760125,0.0003171390201364567,-7.802593138453747e-05,-0.00010889002990591167,0.0008891910818180244,0.00041986163135207365,-0.00015352752169861886,0.0007395397513297292,0.0001843893275068415,0.00028115662678879536,0.0,-0.0003250125383026585,2.080768168347185e-06,-0.0002372554616812147,0.0003349459096057497,8.176895149645352e-05,0.0001188444015826537,6.405484700716155e-05,-0.00025952901035696565,-0.00018953316290812842,0.0007681649449012408,0.0004896348258479254,1.0098366586919995e-05,-0.0003278069063162895,0.0003019829396850494,-0.000164176307288525
0.0006084130725276287,0.000373231270028699,-0.0001274643730923669,-0.00016938375875534325,0.0011198588226853051,0.0004178899724354991,-0.00017096468314269363,0.0008768781103064255,0.00013318261011925603,0.00010236557988767217,0.0,-0.00024869496084065654,-4.2349605114763815e-05,-0.00010483129262937634,0.00034733445551864047,-8.827672078451646e-05,0.00011511281329313107,-0.00024523402068900784,-0.00020344246200771187,-0.00018903548665276374,0.00026073707179268484,0.00011766183817402464,-1.759222081252067e-05,-0.00027488700543466284,0.0003821040810165378,-7.506824117567266e-05
0.0005792764199077623,0.0003750295415677554,-0.0001268416007659747,-0.00020454646946692722,0.0009552812454822448,0.0003853357892770267,-0.0001351021475732049,0.000813977662332214,0.00010817626356500852,1.9052686552570772e-06,0.0,-0.00038209644802708197,-7.449162273703256e-05,-0.0002615551824124983,0.0004300336559019664,-0.00010160558438384069,-0.0001028369058445637,-0.00011946392462129219,-0.00013457743265183773,-0.00022851998295291467,0.00015347522258591975,0.00012987072199127704,-2.002321821696469e-05,-0.00023785921538328587,0.00028781762323474083,-2.25816633009884e-05
0.00046393459227585666,0.0005242419824535562,-0.00014116509870608555,-0.00016387561301047966,0.0006557539645076855,0.0004071420400890706,-0.00013264701768654288,0.0010481515548354501,7.997139475856336e-05,0.00034045140334368795,0.0,-0.00040454289305896476,0.00020345153416397374,-8.057511465689224e-05,0.0005041995596467573,8.626837402990336e-06,0.00021633149737642973,9.450428933095484e-05,-0.00020782975744027874,-0.0002307510158948221,0.00025724461035678633,2.0117779791879988e-05,2.782909435331447e-05,-0.00022553254085115425,0.00023517461550382477,-3.218565309543611e-05
0.0005210339563086029,0.0004895360288566014,-0.00015941494517008483,-0.0001168289042785264,0.0005143378241633883,0.0005109282544313566,-0.00010607937941166133,0.0011047019553646624,8.492446799585232e-05,0.0005555953022635771,0.0,-0.00041442493108519445,0.0002743430972260835,-6.924931987294974e-05,0.00044221189343486724,0.000301318698099927,0.000410287150599804,0.00017878011315848613,-0.0001853086291404588,-0.00033131638034720383,0.0002631183444129668,7.164334823764475e-05,-9.34309083246339e-06,-5.362412280461255e-05,0.00014225111470158916,-2.1041928595161686e-05
0.0005679729358716305,0.00044189073306353117,-0.00014206922671585265,-0.00027065652361761,0.0002580345228996703,0.0005775145361144162,2.673800748627778e-05,0.0015487427513564956,0.00012852764438854298,-2.044615008042734e-05,0.0,-0.0005244305462862621,0.0003605693214824872,-7.920827924090934e-05,0.000583593912098723,0.0002375376759841758,0.0015574748453705096,-4.795346678327258e-06,-2.8368319364946242e-05,-0.00024064113648464017,0.00043285529691651904,-7.793091657302934e-05,-9.455006221839788e-05,-0.00027510925760019746,0.0003486230031818052,0.00013390868860773642
0.00032366317418432513,0.0002810273445467373,3.335507623815487e-05,-2.6418304876741745e-05,0.0001975894879147696,0.000643226413085626,4.203647375206076e-05,0.0006520385421980451,4.6829113507676445e-05,-0.000522563656774835,0.0,-0.001162640513911873,0.00034612250638467256,-8.621941342611514e-05,0.0003182705330582923,0.00020246042356609876,0.003500832710281386,-0.00029388476888420056,0.00020437989645336583,-0.0002958530735730787,0.0011114507147825666,5.856381724554048e-05,4.9760088736688724e-05,-0.0001340304952814065,0.0005331754759032114,0.00017014160650773272
0.0006239359617061931,0.00037538459786961534,-0.0002677894091250697,-9.620030120593134e-05,0.0001796121099422567,0.0006270473969109932,-0.00015092413220738887,0.001787732611190492,0.0003790844568972505,0.00013196697092907256,0.0,-0.0005454046545298525,0.00030622407497190056,-1.3857770103836076e-05,0.0005182836243900727,0.00035057483499214046,0.0008973890525064427,-8.970354335922333e-05,0.000192765596417044,-0.00021376081450863427,-0.0013446576205680622,6.856312674779493e-05,-2.2661728219479996e-05,-0.00019305554985925313,0.00038731196271740015,0.00015030324400075364
0.0006809705083899083,0.00037995493361713597,-0.00018550997606223233,-3.4725414580441615e-05,2.3942547024321747e-05,0.0007112125507902819,-5.6550294439478345e-05,0.001271990614397075,0.00016756383916933837,-5.244581640134756e-05,0.0,-0.0003567416163336408,0.0003093947973455197,-1.427981622564746e-06,0.00045539118777401674,0.0001825848986811722,5.8835854849680086e-05,8.02416438616134e-05,7.723304134292181e-05,-0.00020900445349255727,-0.0006775830993624832,9.701965009584857e-05,-1.2514317269465541e-06,-0.00024300811270972978,0.0003066107265305403,0.00013465271363707136
0.0007300741226585153,0.000444032355726955,-0.0001011290205035534,-0.00014148353333243567,-3.0513501196078455e-05,0.0008924571144687641,-0.00030587301393902985,0.0021378321285925473,0.00012643363662784762,-0.0002793230980508602,0.0,-0.0005142095573029583,0.00026685294324160823,0.0001994808040495193,0.0011268644044271003,0.00020438450297677568,0.0009514538921346105,-0.0001398668761046449,-0.00025097071982683924,-0.0002990367540822019,-0.0012600636328196672,-0.00012991959690851287,0.000552987266047368,-0.0002524795073987749,0.0003594450375860688,0.0002162859068860368
0.0009119706841507708,0.000487149032543096,-0.00013550337414834393,2.2717267022224623e-05,-0.00012885519102960277,0.000935651615647507,-0.00018987514142945866,0.002144666307871934,0.00017277582793940563,0.00019748892898994205,0.0,-0.0005677802488991328,0.0003339206645766193,9.077609645781138e-05,0.0011986019912997004,0.0004504522491773343,0.0006392125473706539,-7.21439416338468e-05,0.00016162097623541693,-0.00025300097984342246,-0.0013065029591671122,-2.0252741709299602e-05,0.0007833663411959325,-0.00021813274255529804,0.00033842784822290834,4.389846807626807e-05
0.0008769215146278053,0.00040647774187437446,-0.00015662100161227066,0.0001400355762186568,-0.00018061720308361914,0.0009715690597289708,0.00033964534459060986,0.0019537590325441503,0.00015699859137037432,-0.00013550617609084132,0.0,-0.0006564055857147518,0.00031123302744132255,9.241186706878234e-05,0.0010893250436301873,0.00024163097808198165,0.0005005323269109078,-1.7789263031071108e-05,0.00020409348756946188,-0.0002904695880550689,-0.001416721903907284,-3.419219458568608e-05,0.000597409182184966,-0.00018185155738390598,0.0003196688854616191,0.0001657914018781321
0.0009113964336099654,0.0005024388645628042,-0.00017221844533535287,0.00015247484220209042,-0.00012811652200142592,0.0010237048360966909,0.0003204030623077116,0.0020307851395551736,0.00018027548584971834,2.2322439829067766e-05,0.0,-0.0007143558331032784,0.00035072832499952005,0.00020698912332242744,0.0011304832529755251,0.0002539708613508443,0.0004640737258123738,-1.9798157175654744e-05,0.00026195211806947794,-0.00037140820437124735,-0.0014297694017807387,-5.179461773541474e-05,0.0006352397385225836,-0.00016713900233016635,0.0003481130599704907,0.0001352583903716128
0.0009121037698709898,0.00025277903280255387,-0.00011025312725360523,3.535169393669028e-05,-7.767727649997851e-05,0.0011168549864885133,0.0004254233076679352,0.0021063135366167223,0.0001610445225934295,-0.00017596745252553198,0.0,-4.160345165392031e-05,0.0003069860873480218,0.000234710378184275,0.0010301289715120023,0.00028934693736215887,0.0005135638367501223,-8.229945938409083e-05,0.00019162067871792871,-0.0003902057560902463,-0.0011809231817033587,-5.044168960938421e-05,0.0005358409006032481,-0.00016703842094247009,0.00039526971055090394,0.00017229130442010908
0.0008403878450481603,0.00027444075835245763,-7.315607701343303e-05,1.958897526947525e-05,4.368414387727156e-05,0.001052432912038224,0.0003881183589595815,0.002196473438044517,0.00012235627382520048,-9.654280725195139e-05,0.0,-5.5584175581139724e-05,0.0003074572991572324,0.00023095261525742173,0.0012470824104134403,0.0002652444093633536,0.0006899732588368943,-0.00010793362308519361,0.00043666373595812734,-0.00033991619714105495,-0.0009990728608345986,-0.00010130414403568406,0.0005728143623319462,-0.00014091382862215936,0.00043730361984941214,0.00010870438373104505
0.0008138483405750353,5.52468737463282e-05,-3.823015842000639e-05,1.6631487817159633e-05,1.2703409438590037e-05,0.0009864350299584959,0.0003514138048624146,0.001957139669708644,-0.0002726745787659261,-5.261716952926788e-05,0.0,-5.832763025562895e-06,0.00032138728620077355,0.00021523055307403534,0.0009660392460293845,0.00023529560046237964,0.0007779493822675624,-0.00014618649322832534,0.0004613249530334741,-0.00030483019913832705,-0.0006709422771821331,-0.00019762433038013932,0.000455030082671191,-0.00016760204900007978,0.0003381722073676373,-7.462875378492097e-05
0.0007438083534275828,0.000256861086952284,-4.278786538317897e-05,4.766372994133479e-06,-3.1841136464855545e-05,0.000819163807055845,0.0004046823009494627,0.0022025105456123188,0.00015783687074820164,0.000472027152376695,0.0,9.797493526232594e-05,0.00041931192819291224,0.000230448808508461,0.0011217686797326935,0.0003463053425267269,0.00041780817553473034,-0.00019417553358832223,0.00010292119664495348,-0.00024967626106937234,-0.0009181894346198246,1.213373639240061e-05,0.0005448736765142161,-0.0001716144452929101,0.0004772653928240565,5.297358545201179e-05
0.0007281328363402667,0.0003325088522939181,-0.0001389557358731104,-7.252159221069209e-05,0.0001275999239778872,0.000854784071038377,0.0005233593880185053,0.0015304200526671129,0.0002005413300665915,0.0004559732712799602,0.0,0.00019844911665952295,0.0003886403213330226,0.0003697505305941939,0.0003992961075517054,0.00028549151314879366,-0.0004082377682966213,9.680892034351134e-06,-0.0007541686542301215,-0.0001249989959131529,-0.001121321779476169,0.00012999917110969412,-0.00022921030306460443,-0.00021610084841637244,0.00014077839012239496,-7.180747571009753e-05
0.0007651051454150145,0.00028726507717998314,-0.00015540075775495005,-7.113364098003723e-05,8.682918263249843e-05,0.0008712771864035051,0.000643235375807853,0.0015860485642817089,0.00021616410947384514,-9.726762789213244e-05,0.0,0.00020998442868025002,0.00038381228190961553,0.00026933429397983254,0.00044921972222135525,0.0003098837851836264,-0.0004057227262468433,-3.2315795312857136e-06,-0.00015330682285853185,-0.0002164149036440718,-0.0007446884064566198,-8.48105245894853e-05,-0.0002600896685698943,-0.00028397758919047607,0.00019796967514004667,4.514679958306794e-05
0.0005314679172051533,0.00038164862538909663,-0.00024941606178353556,1.7792777719448746e-05,1.3693384445827924e-05,0.0008272916504690363,0.0006351276896796178,0.0016839306440476684,0.00029715563945270456,0.0002792784791426598,0.0,3.273237227844217e-05,0.00043418904308838385,6.280085084588825e-05,0.0005545845172727712,0.000315067502067825,-4.6383026883223776e-05,-0.00011141367480694573,-0.0001680986151403295,-0.00020421422576872932,-0.0008973533841387368,-0.0002020368616015752,-0.00015322534008576621,-0.00017873811093029946,0.00022254085371340178,5.485860312632465e-05
0.0006795687564353158,0.0004318509767782955,-7.070307287722565e-05,9.085948241505906e-05,-6.553915146896257e-05,0.0007811765014263413,0.0005031319421427967,0.0014119476089111348,0.00030364831606521025,-4.03303625083079e-05,0.0,3.48318854983321e-05,0.0002841712187580698,-0.00020846896169585005,0.0006540498937667983,0.00024699712414497717,-9.926947334345355e-05,0.00023363812123851455,-0.0002138114131492793,-0.0003049622355116616,0.0005756991937493148,-7.315652748826492e-06,-2.3236517680066873e-05,-0.00017512912638946603,0.00013904735272207626,0.00023550535485281708
0.0006441974581266929,0.0003158235826554211,-0.00011837142696839148,0.00015385262516133928,-9.39190476233936e-05,0.0007830901086536749,0.000567754858543921,0.0012583842521475973,0.0003243772423022126,-4.372036637942119e-05,0.0,7.490883699760429e-05,0.00027685806527632883,-0.00021045187508785486,0.0006751058470968164,0.00026137415758214095,3.912919869281758e-05,0.00021549433000066318,-0.00011418726702328269,-0.0003322840883930939,0.0004161449986902442,2.159217929383182e-05,-3.531842486715791e-05,-0.0001983484236238098,0.00015072120857548342,0.0002768725616971789
0.0005978510915021486,0.0002681363582877164,-0.00018243326847586764,0.0001525088301284686,-1.5332647724765837e-05,0.0007849247268360732,0.0005428718829214636,0.0014709555198677655,0.0002683189631011462,-5.5658521122796955e-05,0.0,4.709187918988046e-05,0.00028804737419867274,-0.00019695569338985613,0.0005824442837176381,0.0002727057542118072,3.521249835765743e-06,0.00016079766615788654,-0.0001624142772596144,-0.0002873057006064701,0.0003834510240023669,-4.193772071689458e-06,-6.358445495435233e-05,-0.0001943984621394257,0.00010744388018324781,0.0002605755349633019
0.0006605517789154938,0.00040025612472590466,-0.0001402928562084314,0.0001001334311349175,1.789925153491873e-05,0.0007074287000702645,0.0005745077139151603,0.0013781753959171983,0.00032331341439634036,9.455175788058672e-05,0.0,8.298480105828575e-05,0.0002510903557844565,-0.00014881694210091808,0.0005876262131386284,0.00029765158848426394,-0.00016224002933186673,0.00012278981213921205,-4.793029504459362e-05,-0.0002854503641994265,0.00032297734137674253,0.000117919152538531,2.428062292010216e-05,-7.608030347205391e-05,9.816502831365068e-05,0.00023015416951549565
0.0007630975748188541,0.00027796572342076597,-0.00018234100258919783,7.57509163173345e-05,6.620218771212078e-05,0.0008229939375611177,0.0006484568283494439,0.001604941714181763,0.00030763537096108786,-9.484753042873497e-05,0.0,9.017186101256034e-05,0.0003648289480549594,-0.00027964280441238,0.0006053247420305445,0.00030322836908197506,-0.00014637728438884906,0.0001529169115266932,-0.0002720732513942036,-0.0002997937234242434,0.00024161778420652425,-1.6174978679029976e-05,-8.136711307733601e-05,-0.000118342592372635,2.993380283341419e-05,0.00021629381832983968
0.0007470705033015136,0.0003139875949018569,-0.00045862906125816277,-2.289316814871872e-05,9.393881008665633e-06,0.0009713384366823709,0.0006442633570488966,0.002141168973009045,0.0009010984801692111,0.00044054264708196514,0.0,8.201880144454789e-05,0.00037006603184418344,0.00014673936834505054,0.000714470447579303,0.0003257919581843022,-1.7508097607360022e-05,0.0002247934770134115,-0.00010762380098941722,-0.0002137171829596733,0.00023950584720545647,2.8998129930185662e-05,-3.19745142999176e-05,-0.0001375728848635777,0.0001082637123528974,0.000199080592732285
0.0006597031705622426,0.00026489254423177637,-0.00024032677597560296,4.3017465383597576e-05,-8.795037967461866e-08,0.0008609699783125401,0.0007723301189664306,0.0017460397179684974,0.00040040281966999367,2.4220765238336245e-05,0.0,4.870587484939014e-05,0.0004430889494614331,0.0002764792360581122,0.0006411395886139647,0.00018416827455914017,6.459036962866721e-05,0.00029199595651224243,-9.36290598114988e-05,-0.0003358670765110763,0.00022259806809630958,8.452368244284665e-05,-2.667034355245014e-05,9.287034938163193e-05,0.00014169377857604402,0.00022548071074811725
0.0008259105194119644,2.3747619135264133e-05,-0.00015456357916025657,3.385008915629533e-05,7.025668565320165e-06,0.0008767926999758139,0.0009034997836195048,0.001483832696430447,0.0003092684763279986,-0.00010086017928221168,0.0,5.95559004092197e-05,0.00038665987372541783,0.00023174217004652922,0.0007173813968393077,-4.400524687277992e-06,-0.0003110715280243998,0.00035273862710416814,3.714613386351564e-05,-0.0003454837837714611,0.00022268511789228618,5.51337637714358e-05,-3.075130829841456e-05,-8.556005848658388e-05,0.00013413969159131977,0.00013246743957945307
0.0008520873910118383,0.00022752528011012445,-0.00023499015567045406,-9.594502027677936e-05,1.2484334243303729e-05,0.0009026334824475282,0.0008564246032095379,0.002485264257361876,0.0009372271373847262,0.00036569496237428515,0.0,0.00017040571027116718,0.00035019223054017114,7.87454973994453e-05,0.00096756606919553,0.00024115944343083468,-0.0004216169482754473,0.00031864638090696776,2.633404102571731e-05,-0.0003119758057851628,0.00012307623256865445,2.4509624280196516e-06,6.670655013655047e-06,-0.00012756102322233364,0.0001773440852905715,0.00014535225314602282
0.0006458204289390602,0.00035601286021896876,-0.00013676896840304642,-5.9947670535182873e-05,-8.683118513212585e-05,0.0006720443127552724,0.00047578681169629017,0.002573248190715121,0.0008393780797813642,0.00046548959588568723,0.0,0.0001688712390152315,0.00039895829965962305,0.00038512894053070165,0.0009427859508960394,0.00018205655031202,0.00115512788801029,0.0004034585388950886,0.00033182001615494097,-0.00036611343686688283,0.0004986795027097517,0.00016712864391927145,0.00016764371068271378,4.245358557889807e-05,0.000306387635140578,0.00018717056492529208
0.000683206631944724,-5.47712427257646e-06,-0.0001887388780444516,6.668633721207802e-06,-6.709755617032113e-05,0.0008956779971231852,0.000753304173213575,0.001613369256449664,0.0008207796440190198,-0.0009948133667790223,0.0,-4.303811947958483e-05,0.0004324402728905225,0.0001370250641561559,0.0007514842400479674,0.00021257288863433087,-0.00038593148906791426,0.0004562259176226191,3.827150308647638e-05,-0.00027227085175895695,0.00041152420713345326,-0.00015774543993727776,-1.1094745005637982e-05,6.401353728151099e-06,0.0001846604926078532,0.00015991032269749254
0.0007414302296300839,-1.465923282321511e-06,-0.00017748782902315564,-5.5248760367423705e-05,-5.478066588291816e-05,0.0009615966811051897,0.0006149787270476852,0.0019317998529871075,0.0008509442373814414,0.0006290519860466433,0.0,-4.945823298953878e-05,0.0004583901841864981,0.0002907671578454578,0.0007247208550894346,0.00018088469287134206,-0.000353648544488504,0.0004997266603714902,-9.475494032081368e-05,-0.00029514402411544863,0.0004214148178300259,1.1963638116723984e-05,-6.412875606542672e-07,-2.2682034860035597e-07,0.00014237275899236387,5.589115916448332e-05
0.0007122540491281202,-3.687098496257801e-05,-0.0002875134661849315,-8.157319123401643e-05,-1.308846752679436e-05,0.0009280806282612649,0.0005591643094510488,0.0017222249092215636,0.0008577493360786614,-0.00011233511368707916,0.0,2.843135647180404e-06,0.00035385382747859563,0.00018528989630822986,0.0006940755330314851,0.0001084459470561812,-0.00044874586204200854,0.0004882395887387938,2.7597153143479293e-05,-0.0002749521920201333,0.0004079587381724396,-3.7140044963203544e-05,-1.2853589667164024e-05,-3.370355769727843e-05,0.0002226416787084678,0.000128554649640878
0.0006790506825042219,-7.017265169422778e-05,-0.0001123606851661783,-9.066990687380044e-05,-2.4775816001904396e-05,0.0006120592813428957,0.00043317554336124483,0.0019500386522269173,0.0008095985984694421,-0.0003539306491909924,0.0,-5.587659299899926e-05,0.00039054365329392723,0.00017622368323719564,0.0008502465117368506,0.0002194012103961409,0.0012909345372011515,0.00023984917896307804,0.00020928418844981685,-0.0003327275344177858,0.0006762202634093238,0.00010071865560689503,0.00017627033679870635,4.177710763979963e-05,0.00039601203006079343,0.00011429405524608994
0.0009059895629881054,3.865357097316356e-06,-0.0002084241145642685,-6.776553973780713e-05,8.29722127644139e-05,0.0011928504911301258,0.0007587799146111076,0.001921213370746922,0.0010038821120986956,0.0004785625763840504,0.0,-1.7513062963837994e-05,0.0006206187627348501,0.00024346233468830608,0.00141088971028177,0.00019656978753534237,8.77181330444426e-05,0.00027243609236296063,-4.66402376555083e-05,-0.0002698697358176821,0.0006253045976799041,8.125129071477223e-05,0.0016291450641785772,-1.516854652524609e-06,5.436503817147635e-05,-1.0881330405132304e-05
0.0011034420301594074,-3.485139873552165e-05,-0.0001945928342105658,-0.00013818414327876056,-9.83769917005707e-05,0.0010638674502477842,0.0007766732289341803,0.0017826305838643194,0.0008894514553717468,-0.0001394260195772341,0.0,8.370336238427964e-05,0.000564314949896187,0.00017206509301838369,0.0014261797786395622,0.00018940414573550266,-0.00023009295797544023,0.0003125527206121025,0.0003206549439532895,-0.0002740524246477432,0.0004929197927944541,-1.3757433613888435e-05,0.0017284238766388917,-4.077945317391816e-05,0.00021243784431100677,1.3142967915849833e-05
0.0010559390342408063,-4.940698570269529e-07,-1.3920902846989547e-05,-0.00021259827126119475,-7.511251063961998e-05,0.0010802845538758676,0.0007159271190850648,0.001927467671511579,0.0009903245524738999,0.00012523017432618756,0.0,8.654611888101149e-05,0.00061837676528662,0.00024431088404614274,0.0014291244667718021,5.781776597033606e-05,7.264634599509735e-05,0.0002057625604705111,5.732668613448054e-05,-0.0002799661441357612,0.0005649009550497665,8.801476645264022e-05,0.0018210092430729927,-2.2210921131026393e-05,0.00015138359744927397,-6.801334664666733e-06
0.0010480398444987565,2.1614425506565404e-05,6.057816204847411e-06,-0.00021344322468231264,2.6280498301858403e-07,0.001188085507808882,0.0006578770907941135,0.0020819619774948626,0.0009935015050188435,-1.738183938869687e-05,0.0,8.12807439359631e-05,0.0004991108227030704,0.00024472712319005676,0.001383952143334306,7.226856581793224e-05,0.00017535958044820584,0.0002364447945782028,5.213554967196338e-05,-0.00018660576120371563,0.0006350498570956981,-8.638771103574757e-06,0.0020218460863029907,-6.022670458967522e-06,0.00014088618179970897,1.363442767447182e-05
0.0010149695199791386,-4.82242926535839e-05,0.00010520288821221175,-0.000264764046444247,1.0361966038002406e-05,0.0011271255746183814,0.00035251105620217265,0.0017221010643315752,0.0009394245182913402,-0.0006641318202941125,0.0,0.00011300846646350068,0.0006239687403250915,0.0004307809916699607,0.000694136948154667,0.00017833265264189613,-0.00033521287965792646,0.0002806082834107313,-0.0003554198790461231,-0.000130276644957677,0.000495445385504566,-8.784272051103673e-05,-2.0524911923509716e-05,-8.540165256185106e-06,0.00010595110869347854,2.5695843872533806e-05
0.0009022492065189554,5.3943528931827565e-05,0.00012613478278442866,-0.00025348400240404853,6.631510344131494e-05,0.000975524367718705,0.0003744056351971549,0.0019387132453814024,0.0009272003596853644,0.0005950721096097611,0.0,-1.3383121682908596e-05,0.0005890866738396136,0.0004535223383907962,0.00047836245421703825,0.00019988902901903573,-0.00020634888635080484,0.0002964666794766511,-0.00017723907363374742,-8.467716086937003e-05,0.00017988709286372246,-2.3622249478277753e-05,0.0002216230006689218,6.282557465299135e-05,-1.4487906913139917e-05,-9.087109480908083e-06
0.0009161186275127945,0.00010896071181571037,6.073684880206959e-05,-0.00022457586057081198,0.00014659715380623873,0.0008636775733663391,0.00045067896045697175,0.0020246858478351823,0.0009753090702906621,0.0005562638415077397,0.0,7.980891114817108e-05,0.0005341310083073431,0.000318430430148785,0.0004988132201033281,0.00040230820362490474,-0.00025642960049387025,0.00030775783164262735,-0.00016099050643484292,-0.0001237224310236358,0.00035161016641947936,3.230758130023042e-05,0.00018199184259465578,0.00011314730162898263,-7.135392681190213e-06,1.84643066871318e-05
0.0006762688420399032,4.097602962784402e-05,4.716588352560526e-05,-0.0002297639382724855,5.987690230235006e-05,0.0009067399788222466,0.0006341709093189593,0.0019026473814572193,0.0009859906982851105,-0.0001552834423020648,0.0,7.055870538107003e-05,0.0005516859259724826,0.0002477778133729024,0.0007956552420023648,0.00042035547236595036,-0.00010769820484689281,0.00036613647751204605,-2.5782748920886798e-05,-0.00017032366601998236,0.0003131995750897011,8.441141182693554e-05,0.00015256002567852614,5.1868408577858746e-05,9.491059874196719e-05,7.096989886328256e-05
0.000691641440990728,-3.4377904811877745e-05,-4.593000680887995e-06,-0.0002810382156000617,2.5898081309657946e-05,0.0009499530605045631,0.0006509865159715428,0.0017986755348907875,0.0009479944221450351,-0.00010353247266229461,0.0,2.5508332832477345e-05,0.0004517493317889163,0.0002613792719728703,0.0007119534601659969,0.0003242154906810985,-6.624613912136034e-05,0.00038108533304361664,5.508865701567578e-06,-0.00016813123778346937,0.00029092062721599167,0.00012194907466574975,0.00011608301799416705,6.998312408028727e-05,0.00016750765124327795,6.154472956892165e-05
0.0007378898977725107,-1.3728171292734747e-05,5.89183760810322e-06,-0.00030230877301802323,2.804532321419757e-05,0.0010242343172349726,0.0006767643609319857,0.001872540479029844,0.0009008659637832547,0.00012947884493980428,0.0,7.810038328603445e-05,0.0003924398894927694,0.00030047878984636726,0.001031510841098299,0.000207319691526821,-0.00019441035537443808,0.0005136726853316779,0.0003324567757893852,-0.0001681496869784429,0.0003379794979892492,1.9176369895828703e-05,9.747959105809183e-05,-6.6616014066061e-05,0.00019063188597353038,3.5171526479259754e-06
0.0008608196804324298,-2.563872469525006e-05,9.862209431827001e-05,-0.0002152466543863969,6.463836068180976e-05,0.0011345341717641506,0.000688195039112704,0.0018812546920036696,0.0010158026445020692,-0.0005941764032596874,0.0,-8.265800617158566e-05,0.0005117114625346508,0.0002784410237350424,0.0007224445560255838,0.0003004452348211818,-0.00029200447998613206,0.00036189054599495256,-3.664725011286127e-05,-0.00019665593267927765,0.00025743465068146744,1.170960341436376e-05,0.00010661002290137582,-4.136337291431267e-06,3.368720934021122e-05,5.4622554974597636e-05
0.0008279790941555823,4.347138341779917e-05,0.00013526029084347203,-0.0001784323509466004,5.376330214292803e-06,0.00106005606389399,0.0006136704145564337,0.001861138404257567,0.00105556272923331,9.02681049954157e-05,0.0,7.306193908630497e-05,0.0005244379501868118,0.0002565287313252555,0.0008438085128889106,0.0002715348118100696,-0.00011977547593159958,0.00046665628425691637,6.317197620132886e-05,-0.00022878944779959184,0.0002614854752873897,-0.0001981514004949758,0.00015432063041312876,0.00010156523123371597,0.00010534006093678854,3.0115788768112503e-05
0.0008201843414959746,-7.62001871730286e-05,5.6379349147997064e-05,-0.00022853448515792188,-6.586040736666138e-05,0.0011476912883362912,0.000482758222125636,0.0017796736388121215,0.0009583302944977663,-0.00011296920781071782,0.0,2.9000306679152268e-05,0.0003850638792581811,0.00019295420846743904,0.0010299506646762981,0.00010452169645357666,-0.0005201501142714293,0.00056397056404515,0.00032958495669486944,-0.0001998813317449627,0.000271338651258525,-7.446931813313998e-05,6.5509319321365e-05,-6.071406169113128e-05,0.00022176525105870368,-4.822499621354135e-05
0.0008585990977249603,-3.9490234989156954e-05,3.714064997964635e-05,-0.00010846996200774398,-2.955881577606175e-05,0.0010594314871306093,0.0005748227936749773,0.002033749588733839,0.0009644188011842281,0.0003619496213585292,0.0,8.838879062859639e-05,0.0004518764881924069,0.00019960144886741935,0.0010386071755347011,0.00015356781097122305,-0.00052046804513656,0.0006439045738698539,0.0002928595635666743,-0.00022859268578871516,0.0003238396865301688,3.142264439960578e-05,8.537323557914423e-05,-7.841403552715877e-05,0.000287302720948115,-9.12983648747704e-06
0.0008380319122438158,-8.542246381322216e-05,3.910090145921559e-05,-0.00017945934140570135,5.258464753265323e-05,0.0011140299383388182,0.0005967341229841173,0.0021340718130639417,0.000880962666570235,-0.00014486521710144572,0.0,0.00012320938653317807,0.00040790586150518627,0.00027910488035573256,0.0010498615019907294,9.977312353636646e-05,-0.0003672783576150538,0.000558596549612859,0.000316829182019624,-0.0002768635566558499,0.0002946494889433318,2.769565034477347e-05,0.00010011930902201296,-3.8614809610869367e-05,0.0002747425539630619,1.1667696094436444e-05
0.00074201838055021,-9.42478611502896e-05,1.2791648079120966e-05,5.102602905687181e-05,-0.00014256554635355725,0.0006765780392760567,0.0002866264805636067,0.001969442403759537,0.0005591579053863078,-0.00026885651202756845,0.0,-0.00010193314146697895,0.0003736628093871243,0.00031735913628203104,0.000613311651296746,-2.47527858028487e-05,0.000791974082199215,0.00018158788182494315,0.00019179933798704025,-0.0002537550784567982,0.0002934528616604843,-4.245340952234152e-05,-0.00018291571277042175,0.0001545138361187665,-1.0273609997926158e-05,-5.9721930791038124e-05
0.0008729266294466827,-3.779507223244264e-05,2.6251595289962784e-05,8.789722198896267e-05,-5.8828280330639764e-05,0.0012374585747726493,0.0005406305658105946,0.002014816644706524,0.0008687634562567408,0.0007449743332604641,0.0,2.5597776042254637e-05,0.00048098596458334583,-3.753192544667854e-06,0.0009759501112009935,1.0567786332909275e-06,-0.0004188059459935393,0.0005478812706020146,0.00025135158178988675,-0.00032199370602040416,0.0005242058972334686,-6.279832132890545e-05,-7.579577801905592e-05,-4.109342318739614e-05,0.00029564004911477476,1.5573800890098342e-05
0.0008314154961253824,-2.3108410693994156e-05,8.358862217418647e-05,5.624783699183264e-05,-5.139056712224455e-05,0.0008505612628678326,0.00022349325031745297,0.002018983373959605,0.0006772317628848753,0.00017017280728255914,0.0,0.00014316409441760268,0.0003577872495868862,0.00015912993913297564,0.0007396956031842762,-8.091440641169895e-05,0.0013313903267724444,0.0004335367948021464,-0.00024165033251315413,-0.00042816019745546785,0.0006528565707704007,0.00019101674768272686,0.00018788974747084537,5.261520619367058e-05,0.00035453398564781757,5.388153594070159e-05
0.000876007403057893,-0.00010443015718570361,5.799837150641888e-05,8.349757263396175e-05,-2.0669881973615026e-05,0.0010855600171119527,0.0004957897277882242,0.0021665813175893245,0.0007506541288593718,-0.0004623729011093598,0.0,0.00013871630095495992,0.0004172343958359472,-4.369632801837557e-05,0.001048214026592101,0.00011722576961756448,-0.000466614156231901,0.0004990893502719744,0.0004701207258853953,-0.0004231026136257645,0.00041120614712842593,-2.166603730237749e-05,4.82386093040487e-05,-0.00013078497927064534,0.00012047495922446655,2.461783334200426e-05
0.0009585912096526562,-7.737405542621153e-05,0.00015746839630677775,0.00010645810818211743,5.106135875393718e-06,0.0012061913994746982,0.0004030129463334806,0.0020860928672035753,0.0009019915668465917,-3.410118970896958e-05,0.0,0.00015575394709310586,0.0006173583621145995,0.00017492595103300087,0.0009449298214481224,5.439472716993594e-05,-5.648223470571374e-06,0.00030807987669141093,7.370076701635755e-05,-0.0003059604823325159,0.00028350847331107845,5.686683735027078e-05,-5.034780625329223e-05,-3.9287573839804516e-05,0.00027545503908949593,5.146651031718523e-05
0.0009839000675955782,-1.673442297230794e-05,0.0001792495753933914,9.63536800621027e-05,-4.7926172800716303e-05,0.0011668107881791447,0.00041952708586309734,0.0019580370504850547,0.0009283662690308243,9.185901577566454e-05,0.0,0.0001974649495347834,0.0006486620815809189,0.00021393835855997926,0.0009461584123179917,8.926241091528184e-05,6.834588927438701e-06,0.0003640960459661427,3.658916683722371e-05,-0.0003740073877334366,0.0002988242013776799,0.00010658886825843478,-1.1728030394142194e-06,8.18718031982421e-06,0.00026396634045948913,5.4319999247655865e-05
0.0009836360795964345,-0.00016867419637700226,0.00012191873505507161,0.0001823935290060402,-2.140203341623024e-06,0.001304176803212329,0.0004285598448847357,0.001978153411373475,0.0009263030055595768,-0.00012504377622352909,0.0,0.00012949740238572095,0.0006488787430641337,0.0003159945978619933,0.0009549424201490843,-2.262812486487124e-06,-0.00025951545624059146,0.00044819287456712936,-4.690735088790623e-05,-0.00036042843560052265,0.00027343753461012886,-6.570090321504706e-05,-6.738138507785128e-05,5.153649729271349e-05,0.00026254180501272546,1.6839733725039506e-05
0.0009337457374844728,-0.0001457683162927483,0.00019062669822260582,0.0002118471867755799,-1.8886109682069144e-05,0.001327818722339145,0.0005935723248306025,0.0018500217010255836,0.0008573635614622773,-0.00010265757371891716,0.0,0.00011497487788336783,0.0005617184087363487,0.0002673171561119561,0.0010239694173406718,-4.033170143735372e-05,6.71979633303368e-05,0.00043408931377473024,0.00014698958202658845,-0.0003236463433455963,0.0003370403451942772,-7.171608173535594e-05,-7.000047108564667e-05,7.160401399219917e-06,0.00027990409235619315,3.7594158553964005e-05
0.0010213850459290313,-0.00015925883170693147,0.00022636818900887183,0.00018719417058052178,-7.426794885097197e-05,0.0013806054299160034,0.0005282025748178144,0.0018913681229885619,0.0008577577866159475,-0.0001296980644976326,0.0,0.0001247846631123223,0.0005322852592551701,0.0002537994196631988,0.0011486795803698684,-3.3514601173117357e-06,-9.370082037603535e-05,0.00047812955884673504,0.00024382554153402157,-0.0003499646491907446,0.0002620735243557491,-4.806233009192074e-05,-5.034318160640636e-05,-5.973055919281192e-05,0.0002602443900385128,4.917014315435893e-05
0.0007512979850470533,-0.00016682906428920158,9.617890537189977e-05,0.00019309547726472848,-7.804707300804149e-05,0.0010304491062101014,0.0001605014979379745,0.0025741978839246282,0.0007401786094347658,0.0005405716262211645,0.0,0.00020879711962279289,0.00045150617514922326,0.0002864566235028273,0.0009680454366692232,-1.1390507584720706e-06,0.0008643634957188473,0.0004427125493363576,-0.00027662749903769625,-0.0003080963314184696,0.00046304951622378815,-8.133970488661376e-05,-7.585114603526045e-05,2.726718775162827e-05,0.0003628561327907369,2.602295782839958e-05
0.0012455905821422014,-0.00012054079015564417,0.00025760229033824016,0.0002536669504865498,6.107705821790037e-05,0.0011540738346295404,0.0003509710015384249,0.0020756218931661245,0.0010450839299076845,-0.0006583117766994283,0.0,0.0002760399761510828,0.0006519071788919526,0.0003436225847752232,0.0008687096794101041,0.00016070061016664822,-0.000457566959684429,0.0002770256207294089,-0.0005849737311039743,-0.00020541459596807844,0.00029709494860778995,-7.573996175411716e-05,-0.0003693046278086216,0.00012976589125101497,0.00017616803224011307,4.9466689658214757e-05
0.0009975015893299072,-0.0001234354582703667,0.00028430649385371477,0.00029234310859963436,7.92319458847355e-05,0.0011309100699888439,0.00044412458707666187,0.0024030316922348184,0.001062526943221385,0.00038501888230411615,0.0,8.009979744789173e-06,0.0005532757193894026,0.00030043649577540376,0.0008334905736976568,0.000283347273058657,-0.00026749698839339056,0.00040292504487283797,-0.00015360171763170917,-0.0002705196592128958,0.00019392169646382926,7.99192143396423e-05,-0.00013184525565920622,8.328433827047616e-05,0.00014886814359041408,3.387381969857895e-05
0.0010876935344997637,-0.00014853075349794556,0.0003159295598744009,0.00017365697075440541,5.613911533664934e-06,0.0011849007804936279,0.00034950629728769394,0.0022585019236072146,0.0010959876269474738,-0.0006765481570215448,0.0,4.3492780602454376e-05,0.0005705791071283014,0.00030474093114775494,0.0008616266270441709,0.0003416920719642355,-0.0003636295355066132,0.000398867133485988,-0.00022769888568968246,-0.0002819714171984521,0.0002993005771351421,-2.7591099105397604e-06,-2.3878467118755535e-05,9.907428089764516e-05,0.00011926543979226554,0.000125267090967047
0.001085103295237833,-0.00024290997859141876,0.00021354336476226508,0.00018912461940210392,-3.9307263078380466e-05,0.0010002829259037889,0.0006148563296088952,0.0022965811729741986,0.001062964249296456,-0.0004872460296204889,0.0,5.00488233522923e-05,0.0005409319442997487,0.0002943565744367943,0.0009331122045258312,0.00038169650477147803,-9.550267790243039e-05,0.00036087639750700327,-5.642554909002236e-05,-0.0002621945058395062,0.00032183019435089876,-1.3251393833008075e-05,2.2666150476376267e-07,6.96887478166752e-05,0.00010068556568828876,1.8345996610064878e-05
0.0009301301012678928,-0.0005174863640310706,0.00024292065528285295,0.00025497819166494243,-4.3546481485149974e-05,0.0010125630381196409,0.0005690089431199891,0.0020406392034406293,0.0010743226712519878,-0.00012349376951996602,0.0,0.00010303464221076482,0.0005222597318166015,0.00017657131737822682,0.000783739919873485,0.0003357618867544956,2.1839795231607024e-05,0.00045812446998892226,8.003987015544909e-05,-0.00026785189671539984,0.0003699324844096413,-3.70985242212859e-05,3.5481289361993643e-05,0.00011408387722690167,0.00018528331472716242,-2.6286340201167142e-05
0.0009444431490982426,-0.0005449001617482558,0.00022629863050029118,0.00019837965068268015,-4.936819055095804e-05,0.0010164944602159458,0.0006217389132117675,0.0017472454043774288,0.000907258006119575,-0.0001509349802059051,0.0,9.463107644405654e-05,0.0004052155486074299,-0.0004154180822023878,0.0006520725334971704,0.0001733238238100011,7.94700335756491e-05,0.00036287575346157235,0.00025395482782714925,-0.00026623582256500214,0.00033047501796247276,-1.0104277765441502e-05,1.8174590267870093e-05,0.0001177923649573823,0.0002421395744876793,-6.0497753947625916e-05
0.0008011706332212695,-0.0009092622936022419,0.00019440557926916481,5.014690268160216e-05,-0.000413342591455711,0.0008079082842623723,0.0005719461021083447,0.0014285992242689127,0.0002139088917457087,-0.0006713080050830841,0.0,0.00012710084729701128,0.0002798731990454119,-0.00023359975881262542,0.0006197341191643902,0.00020537173420267233,0.0001891182502741763,0.00035829075931219037,0.00022554766810680167,-0.00024200645730140392,0.00022199080388994366,-2.149460448042615e-05,-1.0191244464960517e-05,5.037474362290605e-05,0.00023996330895838247,-0.00022110822911368375
0.0009249963815257711,-0.0006276241629145053,0.0001476634894241692,0.00017235432811325293,-0.00019428610448789889,0.0008296355422639251,0.00038839499525787413,0.0017679610259936256,0.0004371690013900615,0.00042303232960915865,0.0,0.00010198562721272145,0.0003879848208038894,-0.00031241736734916205,0.0005985984419792394,0.0002840902102454192,3.814053978668514e-06,0.00040863068125387926,5.143062437602675e-05,-0.0002541250206004144,0.0002628511934520956,-0.00011869261013636299,7.050006110540257e-06,0.00011011706828284568,0.00020791327783328402,-0.00022749437513702207
0.0009446761942558007,-0.0005282695678077271,0.00019157271186615585,0.00020253586416299753,1.6989799337402522e-05,0.0009513288332410897,0.0005753370265408463,0.00207076564300522,0.0009508311612588948,0.0002618852517353244,0.0,0.0001905528951025006,0.0004094368110779751,-0.0003834693892107007,0.0006446372499113361,0.00022014902581306967,7.207149813522612e-06,0.0004315487798296016,9.427935647359013e-05,-0.00021837303012888027,0.0002779268998688093,-8.956779949632203e-05,2.0715679344763397e-05,0.0001294433295942141,0.00013364704152519683,-0.00037587108182608964
0.0008791584929225012,-0.0002650455882626013,7.689520515182987e-05,0.00014953528364902656,-7.059442552428331e-05,0.0011564587049067016,0.0005195840888787742,0.00200355069800558,0.0007708059460063254,-5.394865126015698e-05,0.0,7.035792641099646e-05,0.0002738517396612652,-0.0004314851239935964,0.000893101749444235,-6.11078493794776e-05,-1.74550407312792e-05,0.00030618273789435614,-8.731652166840494e-05,-0.0002468018916723945,0.0002821366141324967,-4.346558438687164e-05,3.4486620949863226e-05,-2.101482259237779e-05,0.00015529349270116085,-0.00041122203448871965
0.0009265738172256734,-0.0006192125096071955,0.00012837153850700926,0.00021804357931803488,-3.978791113538854e-05,0.0009052475619611552,0.00046911052976233747,0.0018280079666712784,0.0006112001938738179,-0.00010581701090131844,0.0,7.150420522687493e-05,0.00047600103211340697,-0.000510863467675003,0.000570842153439388,0.00027152807315662626,-0.00011191615582547022,0.00048587346193666893,1.9858942398497484e-06,-0.0003044405098553425,0.0002414394270886109,-0.00014669541522336396,-3.86678641865691e-05,6.0440282555872794e-05,7.27556576980256e-05,-0.00041097495039983195
0.0008860745855484641,-0.0005266678955925177,0.00030366949926502663,0.00020576227516357857,-5.055892112090751e-05,0.001261904664664856,0.0005798704374385228,0.0018113737349503337,0.00038076045216160417,-6.831377614533823e-05,0.0,0.00010628852075985152,0.0004989566219784664,9.834335271590011e-05,0.0008736961409788828,6.956013520875209e-05,-8.259336258415968e-05,0.0005212804913576145,0.0003184759772791185,-0.0003980501120382149,0.00025049937210736456,1.7932921519671755e-05,1.938688585691821e-06,-4.195739424208743e-05,0.00021631833569472577,-0.00043941394923264614
0.0009401248458955353,-0.0004265752788620635,0.00016058445263043825,0.00012793213318126065,-8.573766756408536e-05,0.001231226659182992,0.00044099234355252315,0.001720914947455367,0.00012229696845015463,3.0695614330472753e-05,0.0,1.4581872428750202e-05,0.00045712066536530944,0.00026878283855854656,0.0008239915242960415,6.366125995179167e-05,-0.00020668043922288608,0.00034987759423737546,-0.0002982514756883153,-0.0004735210765642417,0.0001742696325727528,9.470555270196928e-06,-2.0076979462942483e-05,-7.147340334242734e-05,0.0001631675762966109,-0.00033638374780586226
0.0009081124386478337,-0.0005327973834410314,2.6229626976061457e-05,9.249551710039767e-05,-9.639984022866937e-05,0.0011421851856317025,0.0007354070541463936,0.0017457977445063683,0.00020699034670673471,0.00013627198545502375,0.0,1.3072718922514573e-05,0.0005992386971282635,0.00010205830289517498,0.0007796316905407358,0.00014024190149868163,-6.637773132803646e-05,6.79926906116265e-05,0.0002606194768804678,-0.0004106306325567594,0.00032871963908304375,-0.00010282777461453111,-7.674260411079282e-05,-1.2687394602198762e-05,0.00022795836462831824,-0.0004783238029840812
0.0009696644510296819,-0.00043683909028712197,-0.00012461105549050526,0.00014327767178711124,-8.498621069531862e-05,0.0010669838770975889,0.0005413863454486584,0.001621539568753948,0.0001370703466381743,-7.193401245843231e-05,0.0,2.098025443157086e-06,0.0005367580123591877,6.921288025030778e-05,0.0008829003162452623,0.00011232331365976884,-0.0003382636504674311,0.0004334001136945936,0.00016921106228375932,-0.000393098230443308,0.0003644448477425789,-7.681388433079146e-06,-5.226027748159858e-05,-0.00010926045828869932,0.00018852426578325502,-0.00033650397090434297
0.0007077063862408886,-0.0008086550301817612,-0.00019202421641222964,-3.390567790093622e-05,-0.00011876687057692268,0.0007595325989043529,0.00022745005402248372,0.0020787045479327138,0.00019188090762927337,-0.00013039655397925368,0.0,-6.0639091628674076e-05,0.00036109668794070634,0.00029322074355809147,0.0007082697293585362,6.8227735272264e-05,0.0012933551470575165,0.00022984427150842326,0.000762469364278177,-0.00022895420063041312,0.00036345155927278833,-2.6901900574369556e-05,0.00038777247098513564,3.051925094727678e-05,-8.458798085201164e-05,-0.00014329304572865503
0.0006973470720643556,-0.000696042886050563,-0.00016697936798652872,-7.072309995725833e-05,-0.00012982360062076308,0.0008685410993479043,0.00021539448734021982,0.0021284215767650057,0.0004727148911940996,-9.228718735664752e-05,0.0,-3.542821867483777e-05,0.00036304074015479457,0.000296406854502757,0.0007845661453830478,-2.3555737551387732e-05,0.0008699688237129925,0.00021720381842753474,-0.00042273647974483625,-0.00026990163823523654,0.0006142776640172783,-0.00025634529174526597,0.0002937691742083915,-8.390487153822489e-05,-4.937163323739738e-05,-0.0002949812090637533
0.0007102452811868896,-0.00031543746366033263,-2.7155315218411706e-05,8.641412227423633e-06,6.596664512840095e-05,0.0007595235793242433,0.00018472966761169622,0.0026974999953051403,0.0006412276757462286,0.0006804823052448843,0.0,1.517200358673601e-05,0.0003759656285728958,0.00027618469633097244,0.0007416348161993343,-3.474056383904903e-05,0.0010452655112726038,0.00022766634362497443,0.0004941269964966631,-0.00021847482478225955,0.0006629288752563064,-0.0002162021414370801,0.00015944545120754298,1.7197847617232063e-05,0.0003124131303441405,-0.00044409737695058865
0.0008965829808140628,-0.0001365521940382302,8.719946609008492e-05,8.440616746078241e-05,-3.3967579237166954e-05,0.0012495616146894876,0.0005935179528222144,0.00270024557986515,0.0007756465033754251,0.0008012171119825206,0.0,0.0001418394212627704,0.00045621089517891464,0.00012942393945543351,0.0009169529242940124,7.383567073928224e-05,-0.0002649752781001264,0.0005276936651816386,0.00029712846079032204,-0.00025405203960855087,-0.0004212423977647259,-5.477039604704531e-05,-6.7554072993354226e-06,1.1888687603791329e-05,0.00016401192174850688,-0.00030820099209914184
0.000851879215490287,-0.0001020235859066148,9.528107006509962e-05,0.0001364829423669125,0.0001223611446821519,0.0012969898606011033,0.00047913566394771506,0.00259803153192744,0.000763215634891779,0.0007105386555180793,0.0,0.00015899269647015165,0.00048258941257930455,0.00012331601369948027,0.0008732363042396734,0.00012246721338085874,-0.00014146173081221907,0.00043127584400444403,0.00024984224735205573,-0.00031287604084925715,-0.0006279751475008543,-5.376795935297437e-05,6.9912822063929686e-06,1.62965390099258e-05,0.0001750362410475702,-0.00019007585823981054
0.0013177023830487488,4.080874342257471e-05,0.00012610116385243736,0.00010657195692192707,3.873300970865241e-05,0.0014298372627741304,0.0004397095388900013,0.002711394508585605,0.0007522707539056792,0.0004799061454110818,0.0,5.0511881612049915e-05,0.0005898008477031049,0.00023570154714670611,0.0013296563542901975,0.00020756372240245957,-0.00012604490766760816,0.00022607080269595596,0.00021462269972046734,-0.0002846953350821638,-0.0010533928588100838,1.861911516836435e-05,0.0009376389293798457,-4.155522746080308e-05,0.000265183219627815,1.3985885437571158e-05
0.0011048972874504028,-6.158118710080176e-05,8.802420607898777e-05,9.686328262189098e-05,9.270186152364838e-05,0.001308835635515889,0.00036637536507596393,0.0026214076610933477,0.0007118047139611909,-0.00015934293877561644,0.0,8.478041361321567e-05,0.0004119358863961046,0.0003253008406276015,0.001257321234802742,1.9984185588324145e-05,0.0002921204417031916,0.0001250304110440478,0.00025282206020212875,-0.00029476675533893877,-0.0012259091182681406,1.2387325272415028e-05,0.0006752592510464181,-1.414131601120215e-05,0.0002471756690453089,-6.562339198851107e-05
0.00118587961532262,-0.0001140815403608428,9.562060236515394e-05,0.00010812153700232561,0.00012319189305339516,0.0014062982120061128,0.000518777563194825,0.0026125635263002057,0.0006843231129138477,-0.00023334781923145634,0.0,-7.489552046109484e-05,0.0005509198935278573,0.0003021753962734975,0.0012782533398619706,1.1250334156279635e-05,-0.0002383907154300915,0.00012360088092887918,0.00035392438613858143,-0.000288985403217622,-0.0011219066029598032,-5.0072311012860496e-05,0.0009768074600150283,-1.5255830726286508e-05,0.00022760498577236663,-7.385271673106589e-05
0.0008955810298960705,2.812685728662462e-05,0.00016867733568649759,0.00010918491335229633,7.528059802688829e-05,0.0012109862189283946,0.00027085612849412255,0.0018999069803061887,0.0009782327113152967,0.00037565999632216884,0.0,0.0002675817932626222,0.00038229036020306857,-0.00025389951066568815,0.0006157309568724798,0.00024234849413928207,-0.0003967522262044839,0.00024278560352823469,-0.00027686321178931847,-0.00020022754992076125,-0.001083148806045631,-8.008838114372563e-05,-7.161790954550706e-05,9.203442254689455e-05,0.0001892124457592111,4.148199770512657e-05
0.000894552065572917,2.8789864637086827e-05,0.00018910105750454592,8.14923954399872e-05,7.105640680517053e-05,0.001221244154291554,0.0004002038395460948,0.0018581452122679487,0.0009470625414063487,0.0004081365081551946,0.0,0.00017919561641880876,0.0002860792453027862,-0.00020608833503172298,0.0006776266155592753,0.0001633550596234989,-0.00022927028436328772,0.0003027800158524937,-0.00017607744405188238,-0.0002407329663634214,-0.0003871383547291369,-3.459243799408235e-05,-8.849930990802019e-05,0.0001058644860965709,0.0001279726215487242,-3.850393789649923e-05
0.0008385051204704757,5.39248629000327e-05,3.5389898764358336e-05,0.00011878744271224634,0.00030951298406414426,0.0010383798297962925,3.5733309000055745e-05,0.0022555154834085463,0.0006232454462128393,-0.00013202899039865395,0.0,0.0001748024225847526,0.00010427446662616967,-0.00020609639958271353,0.0005827551229405562,-4.971464822085988e-05,0.000710171313336793,1.2551076565693873e-05,6.24570007072812e-05,-0.0003846684360893473,-0.0009287138891202151,-4.068664307515592e-06,-2.504203292042903e-05,1.6939402789149532e-05,0.0001714045119046688,-1.498427723290794e-05
0.0007060072521570768,-8.127139097037889e-05,6.228412580645255e-05,0.00011668664514485513,0.0001874902163029431,0.0009632446864018759,0.0002599866449901345,0.001933150345487784,0.000618602537810611,-0.0006597279225239099,0.0,0.00018087668649727218,0.00020756604323871495,-0.00034304594096494755,0.0007275918958368466,9.553830383933795e-05,0.0008054990064220295,8.360243811891714e-05,0.0002341150790893815,-0.0003388380497925213,0.00010988834757747006,-1.6327192289071413e-05,-3.773138637855427e-06,2.2776392732658748e-05,0.0003486638657135552,-5.404465114306133e-05
0.0010097157092275367,-0.00015158186355182423,0.00013740165980932658,0.000155988565219264,9.384876172935853e-05,0.001330083346335404,0.000501332792758057,0.00229687116170925,0.0007186701323941278,-0.0004910240650044175,0.0,0.0001519666894596937,0.0004538440714522768,0.00012251598068564423,0.0008881742876456736,0.00018235894868960756,-8.415588077494e-05,0.00018608812778860869,0.00012556313632487777,-0.000276917323895319,0.00025797799017391866,-9.8477540682045e-06,6.332217061574889e-06,-1.1412227898573018e-05,0.0002717681203520346,3.0433701183049935e-06
0.000906745844451946,-9.759242656999345e-05,0.00028827328490654684,0.0001554029259239812,-4.742560078066012e-05,0.0011935513116726883,0.00041979334207703137,0.002070465613970776,0.0008844383584055607,-0.0003953039092736399,0.0,0.00015963118552845483,0.0006089266390642907,7.563033751921538e-05,0.0009516658008176301,0.00017523332179153028,7.934631879211808e-05,-2.1279304458742374e-05,-4.020902878234945e-06,-0.0002750921636076127,0.0003676488760569583,-4.471015580118704e-05,-1.9295893915250094e-05,-3.9517562821581266e-05,0.00023201666647262701,1.2675689289755893e-05
0.0005413572889808111,-0.00011024210156368146,-3.320756649461163e-05,-3.680975093783122e-05,-6.18327562522519e-05,0.0011277189424901265,0.00019593622120032026,0.0022934818688271877,0.0005748719323554987,-0.0005594805073292435,0.0,-1.2408036836165137e-05,0.0001181324252690255,-0.0004084756373660971,0.0005651157264300641,-1.69942539991395e-05,0.0008557580975835536,-6.701017358566243e-05,0.0002121892619658197,-0.00021963893663924937,-0.0007374209971395757,2.1456373665303757e-06,-4.096935798907529e-05,-0.00015451633488223194,0.00014434748276525731,2.4078552042007785e-05
0.000785814995620612,-6.516293707745473e-05,0.0001548285926399875,0.00013325598134435098,-4.232628874665611e-05,0.0012193386646761472,0.0004725398499949346,0.002069559792057497,0.0006828258248750915,0.00040775530378170453,0.0,6.88996211310987e-05,0.00035850384226387787,-0.0003628628837915755,0.0006563700350344406,0.00019851988873357274,-9.091515356972632e-05,0.00014044184674080455,-4.35594815933179e-05,-0.0002135247024510358,-0.0006379413776235615,2.5820134947241255e-05,-4.6343401152257625e-05,-0.00018008738703034215,0.0002641760954114884,-2.698651043973957e-05
0.000853859659106765,-9.87603176231065e-05,9.324668242147229e-05,0.00014798084238404433,-5.211188578656404e-05,0.0009275510121869239,0.00021898698548708702,0.0022080944761140417,0.0006292160760233802,0.0005432516893572198,0.0,3.767893781385492e-05,0.0002894374857675004,-0.0003735359451709565,0.0006301468563474917,5.265339968078088e-05,0.0003534749444525772,6.837963888885677e-05,0.00015010547998522175,-0.0002770123257235658,-0.0011120808925577548,-3.4395339259829206e-05,-2.714224740348708e-05,-0.00017907304076701387,0.00022975789911297746,-6.398640361334913e-05
0.0007827834964357988,4.4397779610101806e-05,0.00011648949650682288,0.00021220147480845487,-2.6706975445767194e-05,0.0009549493990752577,0.00033690231013309524,0.0021161909218079997,0.0006163799976683126,-2.6165923369034924e-05,0.0,0.00014762817252648525,0.00024428942583238017,-0.0003935037257844547,0.0005241686586140809,9.781080335375198e-05,0.0005497295263371571,3.269164318736592e-05,0.00014853416966163026,-0.00025373178724847327,-0.000938216183695364,5.768813184668387e-06,-7.861778273522731e-05,-0.0001600295745645056,0.0002577381712505109,-1.5019512431244003e-05
0.0008707918554446268,-2.9359104629291313e-05,9.87799759439764e-05,8.921246175682986e-05,7.278236811862197e-06,0.0010240298584376487,0.0002704244344781575,0.0022199355891190545,0.0005999611930411692,1.9605897973433922e-05,0.0,0.00012136437439376645,0.0002364811930826692,-0.0003469048025712589,0.0005399910868688332,3.18720289315131e-05,0.0007133376034813566,6.63770011771429e-05,0.00021008178101449929,-0.00023627495103113445,-0.0007735474398919337,-1.3406141977260257e-05,4.0086150208116394e-05,-0.00015848861693096617,0.0002676477851964187,-1.9985042754991658e-05
0.0008532250572432475,0.00010662017479934932,0.0002020610492641383,6.090204271371815e-05,-0.0001752427218325253,0.0009877407969439817,0.0005737808832663651,0.002020724930677222,0.0008702260167704777,0.0003940726588152277,0.0,0.000247338249166445,0.0004781295039053791,7.345580866998576e-05,0.000673293861484479,0.00042534222774482045,-0.00015669461452463655,5.42503099284921e-05,-0.000159146218966047,-0.00011545552150877834,-0.0006266354365665446,-5.2034425636277726e-05,-2.6021911595053316e-05,-0.00016039526797120002,9.97034055764793e-05,-1.0117602852490623e-05
0.0008006874804054068,5.702885680158584e-05,0.000163471496386276,9.080853909658525e-05,-6.63777883418172e-05,0.0010504653129525382,0.0003162623614518388,0.002305948079406871,0.0006527808219015888,-0.00013991031028631526,0.0,0.0001093558323236156,0.0003261263325216952,0.00024474919089456453,0.0006563210225346381,0.00013492290502702036,0.0006162928269748329,0.0001282903685076699,0.00020820589333790765,-0.00022401552184552148,-0.0010041596253208508,-8.120751043422745e-05,3.4241043643022706e-06,-0.0001563903165683913,0.000305477627307887,-1.6428700490061402e-05
0.000769757021356194,-6.065711495991002e-05,0.00022713765484767208,7.195793836594926e-06,-0.0001269523610134946,0.0012363230030013033,0.0005881082971895464,0.0019532913269897163,0.0008247522350022715,0.0003666870038882465,0.0,0.00012373159142017382,0.00047111807064772045,0.00013431672231775145,0.0007031225866980497,0.0002535174261076314,-4.810107204905659e-06,0.00010023238433973941,-1.362280341654493e-05,-0.0001730663065019598,-0.0008233036405587221,-1.3963205222623112e-05,-1.7351381496637324e-05,-0.0001743085124227803,0.00013309907391196338,-1.1088921034820758e-06
0.0008471325689052727,3.10890829920778e-05,0.00018435088639679457,0.0002234720769985747,-0.0001326995701359552,0.0012438281189905143,0.0005522290834980631,0.0019626093265610683,0.0008109382180543791,-8.803343712197164e-05,0.0,0.00018487557786252281,0.00039030690263430875,0.00011653074967951403,0.0006857762358248425,0.00014717308013941272,0.00017312251219662523,0.00010187161183812155,8.499772174625698e-05,-0.0002082195528812211,-0.0008107363608577537,-4.308375754191227e-05,2.258325709040738e-05,-0.00018601303454981365,0.00027479218393326466,3.462343104657102e-05
0.0008733753804381029,-5.2899995176747395e-05,9.555957857852252e-05,0.00025597936601855226,-3.804750514931797e-05,0.0012544889444096748,0.0005482890181279087,0.00207071718634301,0.0007264818150624756,0.00011912058659959692,0.0,0.0001649211092521207,0.0004236244576809114,0.00017723345361704207,0.0006398710612258909,0.0001333494626087714,-1.0590837222392176e-05,0.00016155079138577242,3.4908845714663554e-05,-0.0002485515403212377,-0.0007336344475050841,7.038538721620104e-06,-7.244556124078688e-06,-0.00018917600638027258,0.00024876643536892747,1.7143032003894497e-05
0.0008555327305449138,-5.917354126715748e-05,0.00011098300983067497,0.00022244516370856712,2.8713176951710715e-05,0.0011737833392552657,0.00036471146679402676,0.002233305811842998,0.0007863995334750221,-0.0003889732508657656,0.0,0.00020343923558233248,0.0004670140722886172,0.00019802863241784538,0.0006826919494625636,6.267351573981815e-05,0.0002904948473455711,0.00019126092960762252,8.082319632863658e-05,-0.00015991831982216527,-0.0007084148123825087,-4.0251706894249785e-05,4.702575901056733e-05,-0.00017616333447172152,0.00020838227963742163,1.263050281338823e-05
0.000963433246969103,-4.4835222732615744e-05,9.044687847818457e-05,0.0002787684992603333,2.616658032032768e-05,0.0011350227519008787,0.00038538618770154423,0.002098722166481573,0.0007623529025668658,0.00027232476006421166,0.0,0.00012873677238109935,0.0005067315160921192,0.00015491567436335096,0.0007289780227422333,0.00013258872364753949,-0.00020908062688473298,0.00020462147022998466,2.8893541708145754e-05,-0.00020689930133215595,-0.0006829683648921378,-1.2637165622795917e-05,-1.0160311112368605e-05,-0.000166360375176248,0.0002612945609175568,2.168482892037544e-05
0.0008740293023606721,-0.0001411723076065889,0.00019333016888333407,0.00020345814653168463,-0.00010421057262069272,0.001193332375894573,0.0004487669214652918,0.0020407108338272935,0.0008719696230169505,-0.00045673577376243644,0.0,0.00015411296592611934,0.000358385144942101,5.789070357985833e-05,0.0006844472626215563,0.0002208612475372155,-0.00027214387587825363,0.00016989783317287202,0.0001423448994261436,-0.0002368250707855425,-0.0007668091721034014,-3.78151057077587e-05,-2.347788875047526e-05,-0.0001805144471373443,0.00022600506974051213,5.353823786350125e-05
0.0009372011128790851,-0.00012884754590268172,0.00019539264615224221,0.00020673670544112778,-1.1319410816903981e-05,0.000952353188309765,0.0005985409798421851,0.0021349533241837855,0.0009953835534471252,-8.444790627184176e-05,0.0,0.00011978947905519818,0.0006385475824388467,0.00018117184279834597,0.0008945337429768303,7.678888939595005e-05,-0.00017203455600525074,0.0002967152385407073,4.9386455047854335e-05,-0.00018366875948920192,0.0003179545709529674,-4.7449894688395655e-05,3.4649835128001326e-05,-0.00011583862123461651,7.299605264968267e-05,-2.5981935270724688e-05
0.0009556799454588907,8.035070899989233e-05,0.00016694483488046005,0.0002456505793349028,-2.789869220120498e-05,0.0011521509201806964,0.0004405678995712044,0.002170192798573258,0.0010418299006232721,0.0006357721273849035,0.0,-7.006112587500315e-05,0.000647422141109678,0.00045380132816179964,0.000553702325157402,0.0002059013073341197,-0.00037178243260022,0.0001740622443034164,-0.0006941088225848465,-4.88032725151387e-05,0.0004983678606067056,-3.837481724255184e-05,-0.000452105292284349,0.00016076534622753752,0.00011948500499908219,-2.138371807427684e-05
0.0010526444827173196,2.7677020426839185e-05,0.0001373886448810996,0.00024902185077912937,-1.0819124748150802e-05,0.0012703395485986774,0.00048047383760706236,0.0021515408645754065,0.0010688420892547826,5.6561318105140674e-05,0.0,-1.039565862755954e-05,0.0006377221494779869,0.0004055474889466222,0.0005372526785143246,5.970322057875444e-05,-0.0003521258204370419,4.758420095355552e-05,-0.0006578300015578182,-0.00010947547697545454,0.00037417758613833986,7.08425658289004e-06,-0.00044340559885275576,9.781237657574782e-05,7.557613092453644e-05,1.3204389040294387e-05
0.001210575116414048,-0.00011677065532728054,0.00022190377776987793,0.00025118795809538395,0.0001633034631843838,0.0011933229405732947,0.00044495476908972215,0.002243341984283041,0.0011200937434913884,-0.0007717066906099669,0.0,-1.090387908719768e-05,0.0006337641696212102,0.0002819973160540398,0.0009270838104257045,0.0003969757036945099,-0.0003548721132843486,0.00023462414815318683,-0.00018657491973308676,-0.0001727363017470697,0.0001781584627453082,1.2675155594730445e-05,-0.00013899791860076606,5.507016307743017e-05,0.00016495134889544388,-5.172061158913718e-06
0.00109735289989831,-0.00019525063025537862,0.00020537025958482403,0.00022625958947601268,7.994182232636873e-05,0.0011580507742987624,0.0005496942240356374,0.0021300170836473877,0.0010837824619564825,-0.0008088917162462119,0.0,-0.0001074928874783671,0.0005722591464143033,0.00025698194718676374,0.0008617369799312097,0.0003313384897558906,-0.0002950355146731285,0.00047909139347596157,-0.00012997227568736696,-0.00022831509253413873,0.0002268778812958706,7.220257294921815e-05,-0.0001021491103938952,2.047126452677802e-05,8.164673101324692e-05,2.0941982778065198e-05
0.0010093467809629043,-0.00016055907554644294,0.00026535785143115467,0.00025099773467706537,0.00010460285967663486,0.0011283527717869466,0.0005098671796247794,0.002116443226474636,0.0011274589565693903,0.000170169547461179,0.0,7.16487990609496e-05,0.0006153875641449299,0.00026534803251729153,0.0008274075709303038,0.00027029097994589777,-8.728201612057805e-05,0.0005394683132637846,7.425633335705121e-05,-0.0002537828235087259,0.0003615836309115191,0.0001739294352770305,-1.349748983010243e-05,6.529439713301361e-05,0.0001121113195405256,4.691751907856527e-05
0.0009421064883443746,-0.00010251382902178468,0.0003201802025285709,0.0002542978689421949,3.6610840204249006e-05,0.0012384594870841136,0.0006253692288689897,0.002059565034881898,0.0010509248594313962,0.00014688505128675745,0.0,0.00012772704202849823,0.0006026555207254084,0.00028399379019625626,0.0010569230496979918,0.00020529352281419304,6.070767908874782e-05,0.00048311978022977245,0.00010765485535898981,-0.00021421657819189875,0.00037190633189933676,3.439056835112322e-05,-2.922552172938021e-06,3.689887989080483e-05,0.00016787745078627312,5.817350124666381e-05
0.0009368536182397383,-5.741200220755893e-05,0.00025386572879369904,0.0002507334700478078,-7.358188324075191e-05,0.0011349962806728381,0.0006137554307688233,0.0021799051346205636,0.000983449087028856,0.0003445467203005157,0.0,3.494463509658617e-05,0.00046666714294117293,0.0001531268802511228,0.0009201480316147848,0.00028096744627489374,-0.0006041248531291731,0.0006078527330083304,0.00012222486187074105,-0.0001941772469342445,0.0001757403711748538,6.491687349415469e-05,-8.036621189271771e-05,1.1136221635115732e-05,0.00015936533119614027,3.291905504036864e-05
0.0007730266862757475,-2.7154097207815512e-05,4.478612556362293e-05,0.00018991702165527567,0.00011888270571488073,0.0006524018592648001,0.00017860729779820358,0.0024547948751312844,0.0007327540184582039,-6.485981676273633e-05,0.0,0.00017318651043507624,0.00040982684222882516,0.00038373358007184807,0.0009989589138800193,6.993652663234314e-05,0.0008262231711716203,0.00020741469348699193,-0.0006132912409668127,-0.0002830729785394739,0.00028768675930373273,-2.5456227256554586e-05,-9.267549229773214e-05,3.6543609565215855e-05,0.00022480432784360168,4.7790294689934505e-05
0.0006612387823451547,-0.00023085916589382234,9.306324413589741e-05,5.30521721908496e-05,0.0002915861592660766,0.0006706081010992009,0.00024443986508487965,0.002347586247050851,0.0005145424802272938,-0.00041063331850860034,0.0,0.00022548201599359332,0.00037007719695183035,0.0002174734748296294,0.0007126874344062471,9.348142877931321e-05,0.0007752519048631831,8.73257895226492e-05,-0.00015602415744134772,-0.0001841644425690873,0.00022447303965023586,6.238145431443755e-05,-6.455134203256957e-05,-0.00018662749815212356,0.0002607694706269196,-7.0255680178719286e-06
0.0004659791708108326,-0.0005767273902713468,-1.408008703267906e-06,-7.850547107495858e-05,-0.00036190064643151516,0.0008912433613357387,0.00034649250498268767,0.002011461560978763,0.0005115241624532917,-0.0013746528465862257,0.0,5.166287667020792e-05,3.5058146781775925e-05,0.00025179716618856926,0.0007725441174392051,9.859355290588035e-05,0.0012758435018382882,0.00018012081054293377,0.0009177280250039124,-0.00020370893573663383,0.00022937859041858625,0.00015885761682113455,-4.7397827389041646e-05,-0.0001628198742751054,0.00022595409054669983,-6.523676014898897e-05
0.0006093516088934324,-0.00046301079198387136,-0.00012834522962557567,5.788395311070311e-05,-0.0004882865418628187,0.0007653659418042832,0.00012682126005115243,0.0024739842784667265,0.000496796269673335,0.0008021031505790567,0.0,-3.326902864482979e-05,0.00020146186780743523,-0.00028725102829069794,0.000686933521316028,3.806190916334338e-05,0.0006755151502194941,0.00017742946286912532,0.0009322802476681059,-0.00024479286939563645,0.000299366379063099,0.0001061965485930791,-0.00020711404982007525,-0.00017092457319285573,0.0001955825579479514,-0.00018778217533690878
0.000763616957221173,-3.762800443169964e-05,0.00011344441754481648,9.278847137921818e-05,-9.384142604189706e-05,0.001032703042466667,0.00026734968539522566,0.0024010027311992207,0.0007566315440227731,0.00034595487208094634,0.0,3.9762816987256814e-05,0.0004017138020253193,0.0001391431860521292,0.0008347968582535559,0.00018201846228041365,0.0005475696288917613,0.0001876927012115515,9.520103765807808e-05,-0.00023918221628392374,-0.0004969655932211402,-0.0001458965427248595,-7.223954940834388e-05,-0.0002462273096815359,0.00041317307053473275,-4.375355491026462e-06
0.0007959580277830825,1.3539679561959041e-05,0.00016565262593776922,0.00019088611630729648,-2.7483441132849153e-05,0.0012561840852222872,0.0005264832912876653,0.0017775787426564272,0.000599075847800494,0.0004839397224720074,0.0,-0.0004298997555966596,0.00030164408906765955,-0.0002755835964615917,0.00046164327161707765,0.00013857648252720071,-0.00015620844241988035,0.00034204944593942794,0.00019192136687503971,-0.00024631592623917405,-0.0007225761815821127,5.428941648250291e-05,-9.513507466540848e-05,-0.00022409707674090208,0.00024337658402791168,-1.2197391282959684e-05
0.0008756707535025068,5.002216721678633e-05,0.00017582740060953115,0.00013458152264634975,-8.214081991954073e-05,0.0011842403804157029,0.0004985536195422402,0.0018273884979483717,0.0007032178364050093,0.0005632427715131699,0.0,-0.0004177477601908469,0.00027591659882380263,-0.00021175988168027418,0.00041102151063871926,8.056358591700967e-05,1.0683783608944218e-05,0.0002938792027899551,0.00021645794482395232,-0.00027555898295702634,-0.0007484382835550921,-1.3818764688542694e-05,-2.4427362423368746e-05,-0.00017867769660807312,0.00026149682009208794,-1.8370309934294777e-06
0.001170357436939446,-5.718464550884647e-08,0.0001370820965916582,0.00013109793294193708,-2.084192603336672e-05,0.0010614683171269027,0.0003554199413234865,0.001789311082547348,0.0007932817996177439,-0.00011787188474607241,0.0,-0.0001587448461818747,0.00043845845137232365,-3.455263306477363e-05,0.0010444343355407082,0.00014009285380025432,8.236707559486726e-05,0.00020809158270334593,1.4961543214436721e-05,-0.00023985759417626914,-0.0007168176910061268,-4.9658929516828346e-05,0.0011577261557395564,-0.00019792508445374567,0.0003080168889798109,-1.2516344183246016e-05
0.001099090233735592,3.620473568658222e-05,0.00010464077978894086,0.00021474108979080178,-2.7563417798862533e-05,0.0010530629810498503,0.00036934745529242915,0.0017698593488471963,0.0007795241687064287,0.0004699243123425801,0.0,-0.00031822269514531957,0.00044856704270429244,-3.511448914677062e-05,0.0010870034870660522,0.00026309804585021145,-5.4610545362447836e-05,0.00017427486527221483,-0.00010924862658295607,-0.00022664103995879723,-0.0008560066348361909,-6.204725466183989e-05,0.001066117311599067,-0.00018766135755621152,0.0002806805628298359,-8.02798571528044e-06
0.0012164140505489538,-8.613147894390594e-05,7.444200381628177e-05,0.00032370775681447427,-1.7202614716659325e-05,0.0013222525581382412,0.0004152871015693227,0.0017242072768110278,0.0007337075710480592,-0.00015239076368854515,0.0,-0.0002788058360497346,0.0003682480956924682,-0.00017856076439903232,0.000883104601331915,0.00015219314545319204,2.160221353022779e-05,0.00012517106791853333,0.00023381878183673547,-0.0002979408549001562,-0.0007202373163458389,-5.360779796979419e-05,0.0009573316011331952,-0.00016251094960494848,0.0003002654788962995,-1.954267283429168e-05
0.0009385259103550084,-0.00011215586759029312,2.9785517294858123e-05,0.0002467642527239402,-3.951771927267118e-05,0.0011346807553427082,0.00020640653998206992,0.002114327004309774,0.0004747672851473189,-0.00025852127638845563,0.0,-0.0002839677942722109,0.0002883760844967981,-0.00023595227932605997,0.0007733097047696536,0.00019039205233397556,0.00046579664415256195,5.59046518502014e-05,-0.000802281052085369,-0.00037422317463030536,-0.0010829461803889943,-0.00010421611671758896,0.000403945310668906,-0.00015350602589188234,0.00031301576723826585,-2.3682977086399712e-05
0.0009444581145023158,0.0001376636768900698,-8.646718343296924e-05,0.00025561515138988847,0.0001856651279231259,0.0010340128469238628,0.00027885745372528513,0.001978736148999952,0.00056192377503838,0.000503037911843106,0.0,-0.0006180756797814465,0.0002840313080602985,-0.0005514407986311132,0.0010926584518186572,0.0003298004419929514,0.0004288713317267794,-4.5895199739389355e-05,0.00039803200196723224,-0.00028451994812483803,-0.0009470732171110997,-1.267022871817617e-05,0.0006942274969210246,-0.00012000072931939646,0.0003158375386600756,7.107082784561592e-06
0.0009747705496593495,0.0002202882162701248,-4.2324600579767176e-05,0.0002542460048703155,0.00019478718339339837,0.0008968632409020835,0.00037123501200721096,0.0018292487917668313,0.0008092638112598568,0.0004494200924823573,0.0,-0.00047934703414573916,0.0003506295637649857,-0.0005530207394462806,0.0008961154559598776,0.0004551464320106007,-3.511889650740297e-05,-4.523392795098638e-05,2.161923580483745e-05,-0.0001900327640384781,-0.0008817137646668222,-1.92130177171745e-05,0.0007592081042287597,-0.00022687182713882612,0.00023276358094499402,-1.8305825496226258e-05
0.0010851613517441172,0.00036991057301422666,-0.00021420332289289048,0.0001849757519688012,0.00021651169976148583,0.0008270996582886059,0.0003299255809122475,0.0020990168386519972,0.0006458025716357085,0.0005903831958850185,0.0,-0.0004944642937968409,0.000245384401309377,3.0421105463910475e-05,0.0010859847949154112,0.0003058635090223564,0.0007015496538657151,1.4084544527790152e-05,0.00020704041883638525,-0.0002708397840785594,-0.0013732884421381016,-0.00010993780994771319,0.00067221235935943,-8.400675223612186e-05,0.0003955557086080124,-7.86575446311949e-05
0.0009638419200936043,0.00020981351595829404,-0.00020979394357825175,-0.00020460193340296394,0.00025121334585763785,0.0008666871807640206,0.00020670558955273913,0.0017148222023672807,0.0007013401711035264,0.0002820771268731795,0.0,-0.00031501789913226485,0.00038382904726261404,-4.0224796437221945e-05,0.000980016398491366,0.00034701667505658465,2.5517346643480725e-05,3.248979520630061e-05,-0.00013322781387792464,-0.00023613210574597945,-0.0009687461662068004,-5.756281665353157e-05,0.0008130747571718678,-0.00015480942837315596,0.00011815428402380653,-0.00011711720252141458
0.0007975808669391332,0.00026976499996585407,-9.912720945696807e-05,-0.00024038927231226722,0.0003868499458422371,0.0006759974691615609,0.00023733560224302957,0.0014813641747670626,0.0007488325154291435,0.0004860833318093275,0.0,-0.0002082653782120839,0.0003630245140333259,-0.00018094404604089464,0.0002436899021641646,0.00026066002560031556,-0.0002687633510057414,-3.264103035740422e-05,-0.00046235866381589636,-0.0001944531906935626,0.0006809167047070942,1.9920880446124714e-05,6.131823081995868e-05,-6.933870801268393e-05,4.239406226560991e-05,-3.832235551900216e-05
0.0009150802912100215,0.0002354697215121348,-8.429005126736731e-05,-0.00020613656253297202,0.00025139547280404213,0.0007686517932037123,0.0002518814772803502,0.001555945337611304,0.0008814128746490044,-0.00015898285990108727,0.0,-0.0003199374743866428,0.00039486668995403565,-0.00023736916812077611,0.0003841744175751679,0.00024303443581594783,-0.0003847795225558525,6.724858174765533e-05,-0.00045578599934240993,-0.00024054111258028007,0.0005619939327652232,9.449371688013137e-05,2.22489240874415e-05,-0.00012020092473634325,6.55133732077165e-05,6.413624592796281e-06
0.000705256346651328,7.443284664256057e-05,-0.0001227062062065901,-0.0001631195154895421,3.384516245290051e-05,0.0009175305329753594,0.00039754531544046755,0.0017003570297314968,0.0009415638845969627,-0.0001944408100341158,0.0,-0.0002933780662007667,0.0004256910814770943,-0.00014367168788429916,0.0004937836484629081,0.00023953435721520293,-0.0002913054848214022,0.00014110943343910508,-0.0004090981126789214,-0.00031235073883061526,0.00024134013798687105,-6.515457526566122e-05,-1.3141278435624135e-06,-0.00020837894162136457,3.267415600432152e-06,5.1995166853344746e-05
0.0007622894662730613,0.00020877590279137239,-0.00015780083551093218,-0.00018282566818542077,0.0001393966392399907,0.0008695155588602679,0.0004589389550287262,0.0016073351096073918,0.0007201208263991981,-0.00012105929086871183,0.0,-0.0002663519396396746,0.00031778565214065084,-0.00011483129716092473,0.000509777656602319,0.00017751139733705994,-0.0002603597839075697,0.0001918202035654366,-0.00015405629412528223,-0.00032790161033634355,0.0003687828085252549,2.7107041724802787e-06,-4.08811576152967e-05,-0.00022275931558255862,0.0001598892727142551,4.3158316383219064e-05
0.0008304017858501501,0.00026057782819405116,-7.962661660846528e-05,-0.00013648514163127097,6.67182074628623e-05,0.0007493239753817634,0.00043182629963426245,0.0018189438070610976,0.0005478074733382771,3.169364880112753e-05,0.0,-0.000222891565506258,0.00029588193098011533,-0.0002893460737191201,0.00047785500019293666,0.00014067271730696756,0.0007403026817683742,0.00010507435151859687,9.142228811214152e-05,-0.00038097440511084994,0.0005111344430603589,1.7787837586855455e-05,-8.809838826408879e-05,-0.000204992854140071,0.00023696442834491942,0.00014666779333226572
0.0008650913464842885,0.00022761743645003928,-0.0001830087323622507,-0.00010460139776771438,2.492138931566352e-05,0.0011109898251138884,0.0007543533318217896,0.0017042188701538164,0.0008981199090912405,-3.7181484901061295e-05,0.0,-0.00019712323148337677,0.0004435469052208577,0.00018147274948102475,0.0006646228629909325,0.00015770553011919914,-0.0002380192941048439,0.00021707522628129508,-0.00012505367638803694,-0.00031787053719676357,0.00045083685535252896,5.3326536430506485e-05,-6.926632732358379e-05,-7.080395687527137e-05,0.00019859494086240208,0.0001184376088443421
0.0008887107448366268,0.00021734291255606322,-7.946379884235394e-05,-5.061467046694912e-05,1.3679142576642382e-06,0.0009635926463935188,0.0006942402939649933,0.001818643592453315,0.000930366648300435,-0.00012622440935863572,0.0,-0.00018698174246579722,0.00034207137215309686,0.0001440506912545353,0.0006847458788508152,9.523160007823997e-05,-0.0003141938909708506,7.17905452933061e-05,-0.00014650157269410953,-0.00032837693687587713,0.00020294450016859172,7.492718840026218e-05,-6.369539000993458e-05,-0.00010755958147825616,0.00014938738306283027,0.00011943241596042595
0.0007252238292422032,3.451858204585262e-05,-6.3022769287928e-05,-8.168911853491842e-06,5.3359671885460095e-06,0.000662638726903787,0.00042833694252470273,0.002349398427641487,0.0006861389390177977,1.7370059268422677e-05,0.0,-0.00020260519157187616,0.00040487328931886567,0.0002261692748312241,0.0006947427949932072,3.9528120325585147e-05,0.000911926089951192,0.00010611884264123588,0.00017521211178986873,-0.00039489804389332905,0.0004839626038366249,0.00010375899199036013,-7.478262636673425e-05,-2.1790438726671142e-05,0.00015635029823743852,0.0002235157930017034
0.0007899933837315263,0.00021860682645334693,-0.0001094702228704057,-1.1091015151273239e-05,-1.8435581928469173e-05,0.000610990329885603,0.00048443549336151345,0.0027516966264349244,0.0007221539654569701,0.000688927423084993,0.0,7.615784765355604e-05,0.00029520455671029383,0.00021814581967424332,0.0008193092519794005,0.00023240041744177324,0.001113362608328334,8.34423225726124e-05,0.0002414731806213633,-0.0003691559988786724,0.00044909602461808547,8.686912984519816e-05,-6.415395584903818e-05,6.557132029122899e-05,0.0002633161869693237,0.00014556368147219278
0.000768341971305604,0.0001973261084305583,-0.0001369501769422735,2.410600722120659e-05,4.9486568971659175e-05,0.0006012126396479161,0.0003974469428906436,0.002493710313357148,0.0007828471408625965,-5.429471635908802e-05,0.0,8.519942105143244e-05,0.0003146606566627287,0.0001853646482035221,0.0007938755722008663,0.00011384067430094836,0.0011060502778251588,0.0001148426437243644,0.00020187294736901448,-0.00037329054895232194,0.00046629963073883203,0.00012949981026270636,-8.019235657907382e-05,3.38731131045576e-05,0.000262951507627601,0.00013000768760757322
0.0007461862934314031,0.00022139180594876813,-0.00012940875614030891,3.6606569714091205e-05,5.1338625152758135e-05,0.0005819534811752987,0.0004045901835082965,0.002561436804594586,0.0007264717644639456,6.270359054584153e-05,0.0,9.741043887029681e-05,0.00026964331041597463,0.00017122938678553327,0.0008181123253289382,0.00011074087893445981,0.00127380610951336,0.00011759962853154622,0.00010615713611944049,-0.0004901228885152891,0.0006570590160042614,-2.7640516663717156e-05,6.017151723600032e-05,2.8050724362719445e-05,0.00036546825958659634,0.00015813217496429477
0.0006569571517963022,-5.0809220926043716e-05,-0.00028199258001500207,1.3671701318203916e-05,-2.280034944124654e-05,0.0011685891416300892,0.0004127877659098856,0.0019851451790849346,0.0009496381874410524,-0.00038911536828817436,0.0,0.00018159398539768098,0.0002862467850290743,2.7550941281272015e-05,0.0006582660350931975,0.00013150426772168733,-0.00017949747160119473,-2.9518258529477175e-05,5.333154317820481e-05,-0.00035505009967364747,-0.0004553719837588804,-2.787140432342394e-05,-3.786262029577825e-05,4.4324137023106956e-05,0.0002107341249987329,6.816705848754365e-05
0.0009257260534247212,-8.725855189787097e-05,-0.0001681951869679102,-0.00013521119974661233,-3.579530279233223e-05,0.0009931619359896554,0.0003970075919397227,0.0024709032673067045,0.0007589042456110324,-5.2444748820454694e-05,0.0,0.00018085472167835324,0.00031097243510293124,0.0004825436786775344,0.0011854214350902148,6.395568140391243e-05,0.00042665122864962983,-0.00013998483369144396,7.168366553305404e-05,-0.00038684365532315874,-0.0010343799221428128,-7.802396465948071e-05,0.0005007437539546166,-4.9370017382281714e-05,0.00019582520167208217,4.540254299463015e-05
0.0008155056952437143,-0.0001258395606966807,-9.091247564911264e-05,-9.354054783953276e-05,3.2852757192562275e-05,0.0012164960975288952,0.000586212989192444,0.0019921663710717663,0.0008826800210630042,-0.0006096543218993035,0.0,0.00015219466978413663,0.0004088229112642351,0.00030453458650114043,0.0012470361774213692,0.0002458634584427469,0.00012465422537574845,-5.791157064811768e-05,0.00011963762629012658,-0.00018147584299204258,-0.0006843999567127342,-1.0122008255416147e-05,0.0009789810504724347,-0.00018436898567163014,0.00018106735833420682,-4.811951573307029e-05
0.0010489199901543038,-4.286938199545029e-05,2.6567780442499738e-05,-0.0001631207929928228,-0.00017861764660104026,0.0011445540899594556,0.0005587532184227525,0.0018309997519873264,0.0009063686841564398,-0.00037251551559232835,0.0,0.00017981000806154896,0.0005117160896216122,-0.00020370832414843667,0.00111638160632039,0.0001372512353207856,0.0002348388724463363,-6.322581760928813e-05,3.562533172110818e-05,-0.00014853534933839487,-0.0007353330955183262,1.8972954715091723e-05,0.0013923959857368741,-0.0001424825595935093,0.00018482080519320688,-5.170525548252397e-05
0.0010539584461636466,-0.0001658807402711178,6.756988794840952e-05,-0.00016241939287470165,-0.00041216555719731735,0.0009458985894258743,0.0005357427308166112,0.001887248621858819,0.0008571632389242796,-0.00012057032600132941,0.0,0.0001957286600251844,0.00042426361437772006,-0.00011854448596666804,0.0012377842285893595,-1.7825647049784754e-05,-7.06149356008653e-05,-3.0195800088260233e-05,0.00011834182747714335,-0.00013669915749747613,-0.0006645786895966836,7.21552236902473e-06,0.0014687871225293409,-0.0001968307885490639,8.760419995633534e-05,-1.0611610312362584e-05
0.001032703720220884,-0.00018862812928697307,0.00012308454127665715,-0.00018142308749481706,-0.00040086289104765416,0.0010606696836487687,0.0004747961876465575,0.0019176265439913582,0.0009165054865366618,-8.956194718408792e-05,0.0,0.00022301890709383308,0.0004537657827297497,5.256383870322195e-05,0.0012593842527097439,1.2690790010313229e-05,0.0002628758474976344,9.657462342555504e-05,0.0001525611750357759,-0.00011725496891933916,-0.0007412404184968441,5.4882276643012576e-05,0.0014380511993416713,-0.0001958503121344379,0.0001360969708929146,2.3192470353190994e-05
0.0011546094903376496,-0.00019171584977503383,0.00019543575561212993,8.453671002575446e-05,-0.0003067328837112786,0.00110965084663374,0.0004833938406599236,0.0019560679467283014,0.0009058852958603907,-4.6685692219392955e-05,0.0,7.473523946974686e-05,0.0004592506709368469,-7.359530573288377e-05,0.0012722534704538151,8.953001538693297e-05,0.00020531025167291276,8.027431357631545e-05,6.039117421483713e-05,-0.00016482113218859872,-0.0007657361658832289,-3.6092134817293145e-05,0.0014417755945825797,-0.00017059763908071023,0.00018366784732044538,-1.80211121402339e-05
0.0012642990305292653,-0.0002454514060701262,0.00011489782160090452,9.567930679321086e-05,-0.00031527766758476783,0.0010225880274295936,0.0005019594003115015,0.0021009043721894522,0.0009305679994155005,-0.00011966008384942307,0.0,0.00016588723613707735,0.000533044745944278,-6.0751501039077234e-05,0.0014970133008816858,0.00010169901989228226,0.0002599574722976194,0.00020929262809026377,3.2209379063114735e-05,-0.00029441219038417313,0.0001334259377064937,-1.933607230503001e-05,0.0016285664265492513,-0.00017449949702612433,0.00024661665098230356,-1.607610393904608e-05
0.0013553460294288236,-0.00028640399585320303,3.119869436360967e-05,0.0002386158721222314,-0.0004142996547415772,0.0008492479439575994,0.0005586273513264196,0.0019311477999858586,0.0009478379257595375,-3.1154631602851766e-05,0.0,-7.425575759201407e-05,0.0005106978875677316,-2.552865640096803e-05,0.0015143239630268047,3.558297775643186e-05,-0.00019396246165149936,0.00032229414672988805,0.00021283581641980617,-0.0002773312392029458,0.0002155475283365608,-2.40086716833738e-05,0.0015738678264544032,-0.00021071393804696594,0.00022234868312202534,-6.872971806555897e-05
0.0009871161386680032,-0.0006849978911319652,-7.10933003325789e-05,0.00011916085407348407,-0.00037550906437993346,0.000780439336131621,0.0003515784734311121,0.0021491502937019498,0.0006776383592428209,-0.00016689305508267571,0.0,-4.3717966585833225e-05,0.0005502766986409542,-0.00012146567538697127,0.0016377414905901148,3.913222751783455e-05,0.00039138341816124573,-6.148761013386302e-06,0.0002628913625141555,-0.0003825571791217166,0.0004614920039833597,2.1043873741545547e-05,0.0009725915406345837,-0.00021477122466412662,0.00020662204905178312,-0.0001418161936855435
0.0009804180288780259,-0.00021169801760066517,-2.6840066260207774e-05,0.00012393412388829312,-0.00046766026268125143,0.0007759869314886284,0.0002681484016258576,0.002496448684052583,0.0006931466338313614,0.0007607215584205107,0.0,-6.96661498483898e-05,0.00042456122258816915,-2.4114641214051494e-05,0.00162684071930038,0.0001346505643924682,0.00030860390899431955,0.00018266636675514852,0.00024959254111610476,-0.00041586399477720173,0.00032578618688804237,6.112067449624556e-05,0.0008455000675345346,-3.481139482162355e-05,0.0003013461211419864,-0.00014379494310929982
0.0012800365909146887,-0.0005560848839763283,3.1308971357743696e-05,8.749365746013058e-05,-0.0002425981047895747,0.001071944813962356,0.000802994738986606,0.002106434987083206,0.0009230938691667361,-0.00033875092427859736,0.0,0.0001387978471502574,0.0008207215510807482,0.000295857985826925,0.0013618347062370974,0.00016203355098938515,0.00028921975170142426,3.4360154229149955e-05,0.0001404106505861506,-0.00032542668706369963,0.0006178338017583973,0.0001140739499787982,0.0013050393082463109,6.576525769496043e-05,0.0002710626619016732,-6.398124184044637e-05
0.0009926173593353465,-0.0007626317769449019,9.937077331725667e-05,0.00022792728449116945,-0.00010562854899011576,0.0009543202606998924,0.0005653123937544239,0.002069635604232175,0.001032499981808249,-0.00014252587041253774,0.0,3.467402511043223e-05,0.0007594195288993109,0.00034658243831542737,0.0008981782046678618,2.068262462203766e-05,-0.0003816304931868059,0.00021218603129828897,-0.0005671475809454345,-0.00028202090878116904,0.00042345742997962094,-0.00023203888726667179,-0.00026030664187055364,0.00014008689645914705,7.456632560974505e-05,4.3307067122444195e-06
0.0009647000156400406,-0.00012184488287477785,0.0001687163055305731,0.00019801107097659092,0.0002015366311601135,0.0012440309014528144,0.0005317606016646245,0.002355222809940912,0.0011122337504567653,0.0004983133761929635,0.0,0.00010433960453292885,0.0005864705043007658,0.000401247996508182,0.0008999960437078383,0.00018726336541824627,-0.00024523376601493635,0.0001593550917419005,-6.834672584890317e-05,-0.00020339153412836207,0.0003229203630445634,1.2008952407787958e-05,4.127216506547726e-05,6.310370203257797e-05,0.00018074241574273726,-1.3450115072661396e-05
0.0010100338123505488,-0.0001237725223256029,0.00018451720626879996,0.00024966804977239013,8.173337834523153e-05,0.001187804918634081,0.0004874599568627014,0.0020940011702184607,0.0011206465232047234,-9.76910183727942e-05,0.0,0.00013785958606948425,0.0005113502299987932,0.0005071638212188787,0.0008639529064468754,5.5494945619656134e-05,-8.038542993926565e-05,0.0006317305701666506,-0.00011548849609050405,-0.00025076164536923343,0.00012176431909065906,-1.0811354994470016e-06,3.1808114082605184e-05,2.1756716890808554e-05,0.00014474961216704184,1.3656064260886405e-05
0.0010117437774444728,-0.00013057834035656396,0.00020304342920964965,0.00023337532956372618,3.6030835131219596e-05,0.0012337834384413865,0.00040997837517937587,0.0021434166266778303,0.0011105689228331171,-0.00010998235590325936,0.0,0.0001580778058066806,0.0005402509920447262,0.000486075385426282,0.0009279797944859499,0.0001698177949784401,-8.616039079992453e-05,0.0005577972507205053,9.860602769477881e-06,-0.0002876403976081541,0.00030703015881565113,5.9741151066569975e-05,-1.6285843645747822e-05,3.3025263156346205e-05,0.00014781355410275066,-5.7292868330585095e-05
0.0011090643237165031,-0.00021458070980795674,0.0002309990882195197,0.0001788441883242037,-5.5955632870379436e-05,0.0011596074566994645,0.0004519807964181679,0.0021965339962350923,0.0010977282813386365,-0.0006461835213039628,0.0,9.959726105595622e-05,0.0005564394574705936,0.00036743732540344917,0.0008435519661250652,0.0002141525226412082,-8.883182285675123e-05,0.0003352387883924736,1.8036066775792952e-05,-0.00030385419093882464,0.0002122984285358123,1.1625365991774115e-05,1.1136874055536253e-05,-3.50214912113134e-07,0.00012756885591500778,-8.875132246659668e-05
0.0009950224468781564,-0.000125228242257872,0.0002919737518350036,0.0001830505904476773,-2.6754753932696667e-05,0.0012999302951141203,0.0005259435320599377,0.0022352791293039505,0.0010733127991304548,0.00015874804086747003,0.0,0.00016649661807237887,0.000510737760587182,0.00034422160174596585,0.0010504478168207679,0.00015100785587609275,0.00013813745771327495,0.0005355650609187303,0.0001237619461250872,-0.00037014741683826657,0.00026245110529020643,6.29426156102515e-05,-4.7043622200808755e-06,1.724502040648937e-05,0.0002406566974534398,-0.0001542781281972597
0.0010634544798572365,-0.0001344117557132585,0.00022170324876502872,0.0002244973036425278,7.418610962731749e-05,0.0011632628914395237,0.000430229363559332,0.0022206716476766857,0.001123379575530263,1.5173283954927182e-05,0.0,9.542767053605688e-05,0.0005502103731155731,0.00039640090782061354,0.0009473267645927837,0.0002831943911780518,-9.678920392489429e-05,0.0005902364033459388,3.7811049468769055e-05,-0.0003328618846265136,0.00035274469498321605,0.0001273102061212813,5.561337474425149e-05,6.461675881751092e-05,0.0003116649951014769,-0.00014795708658610547
0.001047399738664645,-0.00010237283222206722,0.0002936103912233297,0.00019241151021864964,4.203896378219789e-05,0.0012613218646737915,0.0005733160758332311,0.0021412683714145658,0.0010688124529496536,-8.153688525736856e-05,0.0,7.768470619214675e-05,0.0005303149469217278,0.0003899816847134049,0.0009955631975607597,0.0001994826805088577,0.00013635814706567696,0.0004404216927026948,7.133743143085812e-05,-0.00032010221624895386,0.00038947642855934603,-4.852281502893371e-05,2.8485176623208605e-05,4.272395721531398e-05,0.00026992637858111164,-0.00018814252510925862
0.0011179895060288538,-0.0001935138151213439,0.00030304508962971516,0.00017529307653575923,2.332644666325052e-05,0.0013866170132476275,0.0005605138416011246,0.0022148809177472365,0.0009887188315118277,-4.183694492827805e-05,0.0,8.122960176866133e-05,0.0005042400428247321,0.0004020870661684568,0.0010001620549035801,9.147806909706544e-05,0.00012877626887465758,0.0004401785227852786,0.00010183050877298295,-0.0003539694844034995,0.00041580850693487536,3.530727277971296e-05,2.009559476837156e-05,7.63441719364764e-05,0.0002573792720541958,-0.00019149583694304286
0.0011151378070297206,-0.0002617428638279481,0.0002774050873427593,0.00015355741308724032,3.578549602769569e-06,0.001343215770816547,0.0005921174461074062,0.0021506279045965145,0.000924429344023797,-9.424733372278052e-05,0.0,3.9748943415559764e-05,0.0005203501976900651,0.00025942515310486915,0.0010084651390629008,0.00010048849278204299,4.5383123678200884e-08,0.0003935890155283229,0.00017119873478189335,-0.00042363046260934437,0.0003973606724002491,3.0462861654391525e-05,5.178684701934476e-06,2.401016141952694e-05,0.00024462546257869247,-0.0003340600219774076
0.0012747494370854053,-0.0004983504690180214,9.696168767107335e-05,0.00013628747670888587,4.2588030751695975e-05,0.0008369326423863586,0.0006285242732402888,0.001833808906210548,0.000258609824190374,-0.00031858802384946203,0.0,3.262112658358875e-05,0.0006134639357743247,0.00028506770001561406,0.0006914066525331294,0.00024468859492356756,-0.0001707314640809943,0.00039490433481800325,7.267899254831224e-05,-0.00044135699451047246,0.0003158773134083158,3.1622116859451163e-06,2.2719498270335114e-06,1.1398703401380616e-06,0.0003172092749858901,-0.00031641627140158147
0.0009143153446732755,-0.0004984307948150612,9.599391704166195e-05,0.0001672426562742439,-2.6863529514389892e-05,0.0011475200180788069,0.00055100971601858,0.001990286702817514,0.00016943960730720777,-9.593397104146806e-05,0.0,5.145301162915951e-05,0.0004498402778279162,0.0002449780853291102,0.0010037321501445479,4.8602092718052616e-05,-0.00021027095158890184,0.0005813034166568942,-0.00018141141856501937,-0.0005902282521359179,0.0003003807729004309,7.03961161422534e-06,-1.0284686947610968e-05,-0.00010937049604699506,0.00020413232435003675,-0.0003995742763320127
0.0009772487908959952,-0.0002710703146890376,0.0002083230562999959,0.00019153747008777847,3.8823764781880746e-05,0.0010217596021364645,0.0006779145738998549,0.0021714197266505153,0.00026619284495160754,0.0006772223820676802,0.0,4.110356523958685e-05,0.0006952333381523485,0.0002572740679417658,0.0009974461615124863,0.0002773633257705256,-7.589651722522221e-05,0.0006035075934837018,-1.6432495931372284e-05,-0.00035457874523191863,0.00032801285829198954,7.298366541362641e-06,-7.464613120168504e-05,1.1998652455220683e-05,0.00033612933914698806,-0.00036871257198229827
0.0010188652262279187,-0.000264858959159799,0.00025988623655614357,0.000197068611415273,7.259086869160093e-05,0.0011610259678917388,0.0006723392048730342,0.0019360403291892314,0.0002687361082601503,-8.274938120655855e-05,0.0,3.9204524128224186e-05,0.0006111450543845087,0.0002706374453748871,0.0009160300588561776,0.00015448261929632,0.00010737208507490742,0.0005042159079713185,8.112388395761825e-05,-0.0004036670213254544,0.00026829662244588125,-2.7055760784483328e-05,-6.687356157529112e-05,-2.6575871933575955e-05,0.0002925483571745467,-0.00040084705380534356
0.0010400462166164832,-0.00022005595484059557,0.00022394385790396206,0.00019483206619802133,-1.734311539300257e-05,0.001079513541441563,0.0005728981118399408,0.0016485124860278436,0.00012093483888186305,-3.8460177739286296e-05,0.0,4.146532418149154e-05,0.00047258554553497963,0.0002631332497123455,0.0010461597986579777,-1.088671647095891e-06,-0.00037851444724764684,0.0005402219504778259,0.00024983871560891474,-0.0004487809164980622,0.00022318113676445065,3.2029997467584195e-06,-2.9601516308719238e-05,-0.0001234631096462832,0.00022504067603150218,-0.00024290180219407282
0.0010863388384300377,-0.00019756610069351867,0.0002557888732771216,0.0002349154426916769,-4.386799852968111e-05,0.0009254928157227026,0.0007816924135671957,0.0018569234630757812,0.00013507247600291246,0.00034467036276801836,0.0,-1.5988851266521724e-05,0.0007485202381058936,0.0001995331541855548,0.0008670774461391167,0.00016686638334878593,-0.00017494720225468598,0.0005681230880948083,-1.963668725709873e-05,-0.00036687268404300845,0.0001817881522630244,1.9860602436156082e-05,-7.78018032009492e-05,1.2108708773201293e-05,0.0002610378657602991,-0.00030407431178470904
0.0011181208604159807,-0.0002032937098148682,0.00022266181213032965,0.00021691329751867365,-4.309158999490578e-05,0.001211981930656848,0.0009051123977139736,0.0017955202323284237,0.00016666436026309438,-5.589690094251397e-05,0.0,2.1319607810390144e-06,0.0008286413476622742,0.00020420634382923862,0.0014720557766374738,0.00016068477927857382,1.104179063805159e-05,0.0004143427915781708,4.9692635572666e-05,-0.00033868182389594937,0.00020488528521452528,4.522222394357115e-05,0.0015872218394797054,-2.519776681146712e-05,0.00028865292548896793,-0.00035395930606966006
0.001162471834084812,-0.00021412974493925137,0.0002466914435644246,0.00016700691135909088,-9.112179047935832e-05,0.0013029929007339898,0.0007747720850526931,0.0016820689265426149,0.00013508121229862223,-2.6940498946114764e-05,0.0,1.7748915524890827e-05,0.0005526379816844895,0.000171308594067643,0.0014382443702580132,8.785023002576007e-05,0.00014168004605270599,-0.00015139847638898129,0.0001894572957718493,-0.00041090220256457096,0.0001655655219956193,-1.769777947035406e-05,0.0017381031091730581,-5.164794407974762e-05,0.00024784885112382523,-0.0002701191667523565
0.0011179191416672365,-0.00018872521443841388,0.00022940268487661893,0.0001413307683351765,-3.6764285934747175e-05,0.0012375221926880843,0.0007190329371747575,0.0017565910018495542,0.00013473815271696253,8.597768379385567e-05,0.0,-3.534108698179217e-05,0.0006931791169907219,0.00010906412060347,0.0015311511522947889,0.00013256948156623464,-6.647265347573405e-05,-6.510878945125346e-05,0.0002666921512668247,-0.0005793603773331372,0.00010188478808090924,-4.837824707803499e-05,0.0017570062200565125,-8.892663492665298e-05,0.0001822994434402934,-0.00035426229117462097
0.0011198671303776872,-0.00022236228590621042,0.00019248485621297545,0.0001622144495885515,-5.140272639926694e-05,0.0012358926548296533,0.0008134607947600576,0.0018293858585562203,0.0001247525841723737,8.294231848043203e-05,0.0,-4.132229225424283e-05,0.0007515058198623295,8.288408505803119e-05,0.001350266665227511,0.00020090281170363186,-0.00016211798365020616,-5.597948658563006e-05,4.443031066883085e-05,-0.0004792184977433705,0.00010369428690348624,-1.2222121830577113e-05,0.0017678985265604413,-5.343015797314541e-05,0.00019490674880569495,-0.0004124512022921553
0.0009823668641247235,8.221959351919761e-05,0.00012799305117643588,0.00023465081203250736,-4.184246999383193e-05,0.0009964655247802607,0.0002605879369605865,0.0020106240026169057,0.00016530047825952387,0.0006303863456319304,0.0,6.31228082254913e-05,0.0007416812654286701,0.0001829672573782127,0.0007624672119115486,0.0002790495045015292,-0.00040469235883315195,-9.292175821837636e-05,-0.00013390254398724905,-0.00036170068185952155,0.00022449260715605386,0.00010337719191679155,-0.00011892932086773799,-1.4739734361766139e-05,4.066005427312203e-05,3.661432824772411e-05
0.0010652239257532084,-7.574811793451672e-05,9.6389205692051e-05,0.00022021376040433,-5.134530791047511e-05,0.0010690835552684436,0.00035605320457124894,0.0016535059130011163,0.0001850759572886506,-0.0001504510303814658,0.0,4.138972104723239e-05,0.0007557079955982714,0.0004089239035004511,0.000577043587326662,4.484869778976727e-05,-0.00037384939276892507,-8.498401874308157e-05,-0.000162791824712494,-0.00046720822291100795,0.00019765503820100188,-2.217038042297198e-05,0.0002336968339442177,-6.39962346214006e-05,6.435761904491824e-05,4.167820499212913e-06
0.0013355741247901333,-0.00015448345228653883,4.5756567932816464e-05,0.00014933310957251832,-5.140850057792627e-05,0.000997336636241596,0.00026826918888395065,0.001710355480509183,0.0002566460473040437,-0.0006573312187409905,0.0,1.730591686350499e-05,0.0006802237055353269,0.0005261604745481149,0.0006224759813125095,9.367237915893496e-05,-0.0005958594284243983,2.0930217565784573e-05,-0.00046459987296728917,-0.000385022595755458,0.00026884374800098873,-0.0001935880695467972,0.00019232186872675114,-2.569582022260639e-05,1.6046320484748848e-06,1.9497020269211053e-05
0.0012018262466522655,-0.0002103963009602164,6.80213888459656e-05,0.00019869037290421593,-0.00012661766315117393,0.0010555889811539858,0.00034356543209283476,0.001925326293013158,0.00031019948923096237,-0.00011165900025901436,0.0,2.8172978775163522e-05,0.0007948351848734885,0.0002800584176476073,0.0007324694205382949,0.00015893976307247985,-0.0004916577543527115,2.2257537221326293e-05,-0.00014906227447181373,-0.0004598320993904691,0.00040622246647976706,-0.000109988216186001,0.00016494943550035852,-3.658427722957343e-05,9.977797643678202e-05,3.252290156920995e-05
0.0011326726034749913,-9.070330127762514e-05,0.00017538589927645833,0.0001657471030162681,-0.00011448452237270593,0.0011741651276816578,0.0005326284871387815,0.0022118491230345813,0.001063612630807586,0.0004989988818042969,0.0,4.8722331747487585e-06,0.0007667264444930283,0.0002614844417470444,0.0006565769751925401,0.00029810451830499754,-9.705130358086626e-05,-3.2598514860708915e-06,-1.9498954971938735e-05,-0.000494728109290535,0.0003940909936669764,-2.971062650352788e-05,0.00022246379167359802,2.362212697896124e-05,0.00022814655517888383,1.8022884537425027e-05
0.0010713291569425807,-0.00011881123799222509,0.00016476611909419338,0.00016124173719953003,-9.321178299496429e-05,0.0010931282829313642,0.0005293934385223175,0.0017814908694726071,0.0006899853430701785,-8.48663386015961e-05,0.0,1.6537694941342364e-05,0.0007729504886383419,0.0002952424054070227,0.0005829549649273407,8.702625312361232e-05,-8.884356423023846e-05,1.1883646298289383e-05,4.471390079585236e-05,-0.0005955170114242674,0.0003683581685389818,-0.00012378091971823802,0.00018282712286849954,5.0380778636623265e-05,0.0002398880094008204,-3.169372245972747e-05
0.0010547565439700626,-3.5648428853836396e-05,0.00016764420945992198,0.00015016502569869763,-5.0258556085288066e-05,0.0013058555832767549,0.00033898177175746764,0.0018697020286696185,0.0009406479720813055,-7.600712824507525e-05,0.0,2.6225978404399806e-05,0.0006735300532311849,0.0002116665723296292,0.000868841902463911,-1.8535276084330217e-05,8.504633988852045e-06,9.484118780300651e-05,0.00013801112460614615,-0.000659264430669199,0.0004352679818538476,-8.170337093307186e-05,0.00016491366274473142,2.6888190225019975e-05,0.00018420700844111348,-3.933577352493418e-05
0.0011848076277156533,-8.089623291822405e-05,0.00021752910511709905,0.0001685341481468642,-3.043076998857466e-05,0.0012499833137149486,0.0003434326719837552,0.002062965916428512,0.0009534382474464362,-6.357583574226385e-05,0.0,-6.218191219062385e-06,0.000620872795027081,0.00026742917136253003,0.0007913503078487165,-2.105278980243992e-05,0.00011924037307410964,9.398475975841597e-05,0.00020461355683897405,-0.00048279224090871757,0.00045511333104064416,-8.899927028329278e-05,0.00017107776060240682,6.102020916349676e-05,0.00017783291681056472,-6.027552407109963e-05
0.001074703614516428,1.0041324996655992e-05,0.0003058170857284968,0.00012601578014178333,-7.015202900137006e-05,0.0010070002910699443,0.00046907467737960796,0.0021307224239777993,0.0008699703351771258,-0.00014062104770954438,0.0,-8.855320872905195e-05,0.0004114770033348966,0.00015002344036978846,0.0007516347341757077,1.5674434090758814e-05,-0.0005679108863487057,-1.9202519123181135e-05,-0.000717367124095121,-0.000437104182893565,0.00028833574274947897,-0.00019706316130802028,0.00014521422200508953,-0.00010377186919286045,9.646679399915822e-05,3.3954750534253386e-05
0.0012451324822404081,-0.00020682245727430548,0.00015822432312141523,0.0001619998994565275,-5.215954898799285e-05,0.0009174821780586646,0.0005888005623670565,0.0017866505462965706,0.00033639275605719247,-0.00031407648116616707,0.0,3.243966125379442e-05,0.0006922648519338102,0.0002486133970540669,0.000547720950868696,0.0003041506684015121,-0.00012689569394784122,0.00010868604305552754,4.6451481434812636e-05,-0.0003656254613538275,0.0003663212236874102,-9.71066002505521e-06,0.00013392656885047904,2.4355799259651484e-05,0.00017790393478466334,-1.1693361071440184e-05
0.001033713463644378,-0.00026015118260702376,0.00021635495388727706,0.00017401058562152615,-9.952336913109258e-05,0.000978004335215563,0.0005562688974419025,0.0016659236494350016,0.0001274260072171449,-2.2812491859417024e-05,0.0,-0.00020970534294197628,0.00046760022788206937,-2.2202522918938438e-05,0.0007996593905943101,5.14202196500623e-05,-0.0006201449012904929,-6.0843131919079e-05,-0.0006913546960265905,-0.0005494680868762539,0.00022272608838184285,1.5671912532190352e-06,0.00012712018664626283,-7.169694765495224e-05,7.01364565573508e-05,-1.1416059014704865e-05
0.0010679434695289392,-0.00027783201372619183,0.00027625404025483546,0.00016851104935430578,-7.614023555645803e-05,0.001034481948849743,0.00030438878795584846,0.001758541944740151,0.00011577523550571439,-0.00016009369564443885,0.0,1.390415134312946e-05,0.0005229052828808567,-2.007855584070613e-05,0.0008913523797163904,0.0001092663563018868,-0.0003557699841943249,8.199379954444884e-05,-0.0004669860354764909,-0.0005945501699228941,0.00022411231410484763,-3.157827073609676e-05,-5.044259929811966e-05,-0.0001170233021518455,2.955222492925546e-05,4.327343302320642e-05
0.0009147549343996907,-0.0005236231421368088,0.0001497755706876561,0.00014420643353080844,-5.523369581241919e-06,0.0010590080962977273,0.0004126233787920095,0.0015070783629719429,0.00018044304840570107,-2.2524881527133384e-05,0.0,-9.299282891288144e-06,0.0006448811294291444,0.00022836044229825365,0.0007016130670097854,3.1121188963560784e-05,0.00012878262651690146,3.543524015394184e-05,0.00015219177123399445,-0.0006139551148146429,0.00023508089238285758,3.916069994965491e-05,-2.64711809874554e-05,-5.6782780382038286e-05,0.00011402686417090382,-2.8495005381640697e-05
0.0009219141063909096,-0.0006333698530775483,-4.8558742456484034e-05,3.231178304425752e-05,0.00017526238773774683,0.0008603781287197271,0.0002718159101117222,0.001991703463545056,0.00032403955611673055,-0.00015896990343877574,0.0,0.00014524319288278633,0.0004293686786198811,0.00020217019810075997,0.0006190034263443037,-9.29982544050873e-05,0.0011277519374889343,-1.4251870697870734e-05,0.0005448065084276662,-7.7543720518504e-05,0.00033719381898814283,0.00012963076039020102,2.744972879129618e-05,5.788950209132758e-05,-1.1335935475714467e-05,-0.00020387758157615227
0.0009523604048976768,-0.00040811041313389574,0.00026301376359659046,9.102847028346851e-05,1.9421887757712397e-05,0.0009414139292375256,0.00041278740617796,0.0015210186250683303,8.744937148609453e-05,-0.00023073236109585516,0.0,-4.8656440491710066e-05,0.0005514998872996551,0.0002965294494772901,0.0006916483654164161,0.0001115817654077999,-0.00037862947427819534,-9.139029886869698e-05,-0.0003041330282744568,-0.0004518006815255371,0.0005154366420096853,-1.687767951577227e-05,-7.849329031279555e-06,4.6599552904000455e-05,5.3253141705482255e-05,-0.00019605713130713603
0.0009015078567660223,-0.00040002890999512464,0.00012849143236116887,0.00016566071259948486,-1.6183874706021567e-05,0.0009133945564618469,0.0006123901845554578,0.0020675211206886528,6.698087512243537e-05,0.0004397254772491305,0.0,2.170679752225784e-05,0.0005596655966314611,0.00027780693085440925,0.0007747529275291705,-9.315325862788584e-05,-0.00037947763504314456,-9.018240553978125e-05,-0.0003284776331125759,-0.0002785439872799225,0.0006650164735669763,-3.3349252816465634e-05,-4.473635687508165e-05,6.190688011993033e-05,8.809463108028284e-05,-0.0002715069137278226
0.0008136127515108917,-0.000421310817975053,1.4264940974597257e-05,3.879627651588158e-05,-2.7525322312216106e-05,0.0008718549068952828,0.00017094218439218486,0.0018529901790580604,0.00023856749792484157,-8.724625798477263e-05,0.0,-8.13581409209923e-05,0.0002999162112838192,0.00025029489935305505,0.0007339790458050505,-0.00010010745041976952,0.0014451021179539664,0.0003455792802860083,9.657780284811377e-06,-0.00010637555662691418,0.0006393974121631147,0.00024037579194448663,0.0003207090975475783,0.00015224193095286748,-1.3023943453132545e-05,-0.0002173185639104181
0.0006676861128884481,-0.000638345062135587,-6.100276493620832e-05,-2.008961549519415e-05,-0.0001283849900898452,0.0006460897053758681,0.0001352743076611403,0.0018437669524164425,0.0002937467864229118,-2.3317220064589283e-05,0.0,3.370651436681681e-05,0.00010596465248087675,0.00031390075295027015,0.0007874072486766594,2.817244902317857e-05,0.0015448162832808106,0.00020880182554619713,0.0023202727589103096,-0.0002473951757291866,0.0007307645901288458,-5.220350199877311e-05,0.0003065724513082961,0.0001290950496560996,-4.129258773563234e-05,-2.3874100984796906e-05
0.0008651117128105862,-0.0002047827350846469,9.099196024150476e-05,0.0001072285645656303,-4.8466252010052366e-05,0.0009514731158614566,0.0004248706416277081,0.0026246539081313685,0.0006377677380754231,0.0005390855893004493,0.0,4.42462379068125e-05,0.0002545484479813605,0.00012083916105186698,0.000841086360579873,8.805469652287386e-05,0.0010379885999584335,0.00031541569638303684,-0.0007521563248073301,-0.00018907564258279823,0.00036271214634138986,4.129484861723799e-05,4.179949271312998e-05,8.482400740832084e-05,0.00041678384762535754,-0.0001285789419974609
0.0011406850312639365,0.00010980374804921521,0.00011167808853946725,0.00016702381629446535,4.647299909169462e-06,0.0012730264104653156,0.00047560450958234753,0.0023602111938438655,0.0008820764736592024,0.00046656714487279343,0.0,1.2373863352471145e-05,0.00042797688432806384,0.00023730276218855546,0.0014598750628682148,0.0001206033605327596,-0.00038907734224427983,0.00022550640688162997,0.00016295937878015135,-0.00041263185745021283,-0.0007661478866110519,-6.316583166583725e-06,0.0009985099921085247,-5.9077008392107515e-06,0.00018624958357474092,-0.00010936263392934558
0.0012402602914390677,7.627827387720023e-05,1.4893601300180069e-05,0.00011651146820549054,-4.218201159368762e-06,0.0014262357577284304,0.0005084220953097506,0.002211368797762639,0.00019248681039636271,-0.00024638088298181677,0.0,-0.00015330685393289943,0.0005584074157414285,0.00032949226700876945,0.0012442289059767968,-3.1601085749894826e-05,-0.00024174765334510228,0.00016658523798932895,0.00017557909660350708,-0.000509852470334881,-0.0011761118926929368,-8.922693685020819e-05,0.0008831191977097276,-6.10936773525177e-05,0.0001732007664137794,-3.2086130875089084e-05
0.0012216416098318442,4.172454098352332e-05,6.0736716819811905e-05,0.00010909248285741431,9.839901335699656e-07,0.0014911816565118322,0.0005550493512523171,0.0020925818984017584,0.0001722493155339651,-0.00025512733865430085,0.0,-0.000111088085452538,0.0005564432431701047,0.0002826804392726548,0.001239129294367596,-5.599282451334547e-06,-0.0002146026176493776,0.0001942490841148969,0.00025009298089455806,-0.0005256292284357717,-0.0012488515787734565,-6.672132333956292e-05,0.0010566450206903398,-8.33577941998906e-05,0.000161469735641559,-4.767067901021955e-05
0.001238057803982691,4.381505975119958e-05,0.00010002852866670736,0.00011897303349643281,4.3106213587699085e-05,0.0014944601913719157,0.00048274939437766094,0.0018002754958738175,0.00013857560681587158,-6.429597584754906e-05,0.0,-0.00013537288323671746,0.0005825234271841565,0.0002378889694810852,0.0011756458658310621,6.90356761816359e-05,-0.00025884657237239115,0.0001663309680392325,0.00021810279301358733,-0.0005276196146263621,-0.0013027106794315333,2.11015692704562e-05,0.0010107467452204776,-2.0159885389971796e-05,0.00014204659198059264,-2.4744123339596883e-05
0.0011910534940974668,2.9838318392243063e-05,0.00016055449580478875,0.00018633414167385857,-8.16918657500034e-05,0.0011541494555668138,0.0003890720921075274,0.0016776809827638254,0.0002285411403320384,0.00015879555513721993,0.0,0.00019186399143866897,0.0005865944597084434,6.852294242363225e-05,0.0005683837402622754,5.0009777235587856e-05,-0.0003964024194052281,0.00015047136664659476,-0.0006097921211943195,-0.00028726148184790074,0.00036458936359156047,-0.00012577670865021682,-0.00010479700624962246,0.00012755648378498814,0.0001937100331324276,8.562338161158921e-06
0.0011117932995349427,3.425080757461392e-05,0.0002685073151335978,0.00019463787478782082,-7.041983216911552e-05,0.0009455959451471767,0.0003657896098491457,0.0015976849689244802,0.00020071769428355304,0.00019678084409609345,0.0,0.0001260639599772535,0.0005462672964348795,0.00012186320405765933,0.0006686514358720648,0.00018652912604336252,-0.0003970455356006437,0.00025205558459039085,-0.00018882996455668689,-0.0003593408230934026,0.0007282158756151593,4.216424112993514e-05,-3.544784590664173e-05,2.0244305286716562e-05,0.0003249364555375026,0.00017590458503770435
0.0009358262397914355,6.841114637226922e-05,0.00018503303931906846,0.00022342261666429607,-8.357581134545875e-05,0.001070429470936239,0.0006379964080826097,0.001538771957773496,0.0002898146791734388,0.0005618343559025189,0.0,7.885429712682393e-05,0.0005488313787319516,0.00017849139590794808,0.0006463490801384886,0.0002284755938486998,-8.058234939202528e-05,0.00035602449637257133,-0.00015480285195988336,-0.00028089294228514025,0.0005450625806027217,0.00013291473791577412,-4.1626917702845686e-05,7.679207758690804e-05,0.0003487975477579855,3.792875940908022e-06
0.0009052387464140093,1.1829815426678067e-05,0.0002696981191321082,0.0001661314905063775,5.597262516165381e-05,0.0013037108023421888,0.0006711813082419673,0.0015856431248586682,0.0003301176489028075,-0.00011831216309024629,0.0,7.533749570280385e-05,0.0004815205205509149,0.00025282745246538754,0.000629908325033777,0.00010625177104081161,0.0001158574922055747,0.00030557499174172295,-7.361014691138542e-06,-0.000444128548845056,0.00030822154423846426,0.00014374397455321763,-0.00010555837558051434,1.2733227117056703e-05,0.000211023446736027,6.704646854122723e-05
0.0009180567411255352,-0.00019848952020559658,0.00022163012951180685,0.00016058006275260293,-1.3569643756837281e-05,0.001002121375102838,0.0005998661108515164,0.0017920350928244389,0.00026444287978679137,-0.0010246128983790862,0.0,0.000198772338501398,0.0004995300405438529,0.0001741932868711346,0.0006719192869815194,0.00024166172281201207,-0.00018801195892162036,0.0004127416356374037,-1.5345391726934022e-05,-0.0003348996725518475,0.0002492498407732016,7.99397469080747e-05,-4.124503524580102e-05,2.8774098710917494e-05,0.0001325065812649809,-4.001390634918843e-06
0.001006867356507759,-0.00010183367122953207,0.00022758905769493885,0.00024525111380407677,-3.951921245506582e-05,0.0009720284712048184,0.0005801455238772776,0.0018439216478763367,0.00022267910999360243,7.232113929394057e-05,0.0,0.00024172112942607324,0.0005572765007317251,0.0002918177187548268,0.0007541092649927209,0.00013156893399677747,-0.00022167909688989692,0.000495410602124314,7.475958903611681e-06,-0.00041505521075970207,0.00030265076456622225,6.29269436680277e-05,-7.153802892807973e-05,0.00011536857492218073,0.00017308842188672733,4.860590168392902e-06
0.0010320686523651674,-7.893884509570538e-05,0.0002620121956242521,0.0002193202438262816,-0.00010415691061515737,0.0011704186531684589,0.0006437405583542573,0.0017077631814284967,0.000199327117711937,0.00019606833838326686,0.0,0.00024311311582769828,0.0004889751172599656,0.00034628840555238555,0.0008144548611537473,0.00021907134913456996,-0.00022987576596353537,0.0004918267883463584,0.00011866450083371258,-0.0004712022876613085,0.000289973776034518,9.384144033864586e-05,-5.207419686560283e-05,2.035342593342702e-05,0.0002133067387655795,8.456668752248502e-05
0.0009571511853977827,4.268918473496366e-06,0.0002790883209358864,0.0001430439726061701,-3.000151362530956e-05,0.0011336773587881934,0.0006464232306741707,0.0019175623334718964,0.0002813652885880389,0.00041963230467102666,0.0,0.00021080736867363427,0.0005298597657891549,0.0002914909801921594,0.0007967565515804565,0.00034203452027632177,-0.00010330821566246791,0.0004997899862871724,-1.2455099903794135e-05,-0.0003677221858780445,0.0002495523671849758,4.863304505658565e-05,-6.381769316515702e-05,-4.4211075832027426e-05,0.00021171993971559624,7.318293387478147e-05
0.001055769958210985,-5.099403719244602e-05,0.00031181904082872047,0.00012576690219006544,-2.1471029149192854e-05,0.0012189344378834995,0.0005625779254975333,0.0016929111437198649,0.0002921908941002938,-0.0003876548172847199,0.0,0.0001978185195980489,0.000544457284463127,0.00025679016674916484,0.0008353720001532126,0.00026600191511179963,3.4542502671659514e-05,0.0003890219108965584,5.840753171855907e-05,-0.0004849099621780131,0.0002527651248620727,3.238786774576032e-05,-9.466055430162e-05,2.4591831721731463e-06,0.00018935046421813737,7.818384329837698e-05
0.00101331548023187,-4.409896614603306e-05,0.00011744670063758881,0.0002556718046422808,6.903096476776549e-07,0.0011068085840590645,0.00047270650370678227,0.0020707815023902174,0.0002279536345690187,0.0006357733766764777,0.0,0.00018048656008547314,0.00046103395500066813,0.00025355698392466825,0.0010123564391626434,0.0002199200743521667,-9.861313911343389e-05,0.000592221727512464,0.0002613957078150616,-0.00036300585061985457,0.0002315552010614163,5.508246797423123e-05,-5.7274635724474616e-05,-1.4087396111439301e-05,0.0002445710960751424,5.316684880451222e-05
0.0010656459096306814,-7.370464744329156e-05,0.000274038773725295,0.00022889404104382906,1.7006090809076055e-05,0.0011377081025433005,0.000648267191141635,0.0014859587777087155,0.00025647214775975354,-0.0003870321277612549,0.0,4.8963959658220306e-05,0.0004456358682210038,0.00019250490648348753,0.0007470563168257392,0.00011027464167607136,-0.00039005729199332353,0.0004992800086530374,0.0001957189505246999,-0.0003474841811832491,0.00018188980149258857,-3.436791874781436e-07,-4.155376025784805e-05,-1.7240333564138338e-05,0.0001397767747849403,5.545448014955646e-05
0.0009508263638245251,-2.7726524683135164e-05,0.00018549107072225485,0.00023270868544639182,-7.146279135959302e-05,0.001215530214567582,0.0006252715472312057,0.001476940811914007,0.00019239879806996128,0.0001431344049374082,0.0,4.6983435025750056e-05,0.0005426036905185347,0.00024033472271466058,0.0008082737921092674,4.260650711656378e-05,-4.450948176599364e-05,0.0004470580501183355,-6.028095965664713e-06,-0.00042801341956662454,0.00022442618128335075,2.8836052900972187e-05,-2.1740150879474677e-05,4.716419825129947e-05,0.00017532078552156568,6.719627577674444e-05
0.001238263994269239,-1.1987404272253829e-05,0.0001349590808234785,0.00026491482694375413,-6.736447501298743e-05,0.001441300557357892,0.0008089646654391782,0.0019356399171448439,0.0003118192961351133,-2.447607091042691e-05,0.0,0.00025403947766988895,0.0007888460306493708,0.0002268983678664717,0.0014724844170443767,0.00016503111971744215,0.00015136917000445384,0.0003373392201797444,-8.031173080587309e-06,-0.0003681298986141368,0.0008184738461241714,8.46888336095663e-05,0.0022953134233299113,-1.4497005427526164e-05,0.0003499345868865965,1.951606258460745e-05
0.0014139859697606322,1.0670011087898022e-06,0.00013959468555313934,0.00025287807056095774,-5.767786539545642e-05,0.001439348948757995,0.0008022769959632178,0.002016902548250129,0.00029581684648456453,0.0006211624043957087,0.0,0.00021448866867140786,0.000728622221485657,0.0002786872360227872,0.0014843120723267795,0.0002446151058374191,4.5094921484056116e-06,0.00038660974615020846,0.0002128075971123527,-0.0003367729961612035,0.0007586440066420919,0.0001303508022808757,0.0022663372349357013,-1.565922575284387e-05,0.0004217804314621286,1.1096148209602836e-05
0.0015365688791497188,1.981111147035872e-05,0.00011193411194342833,0.00018859529711345274,-5.8824753102679154e-05,0.0015556557263051696,0.0006239091004464061,0.0019391995590343877,0.00025847956955415383,-0.00015716207229765432,0.0,0.00018552162921148667,0.0007684048638610155,0.0002727973096772166,0.001582775368547032,0.00011227059138848611,0.0001538079642529998,0.0003135370362056073,0.00016981937770140125,-0.0003606909683858847,0.0008135847507034117,0.0005184390983889619,0.002198000542320127,-3.048381823694984e-05,0.0004108544309929642,2.2611303847266308e-05
0.0013441115946338125,2.8701856941740162e-05,0.00015777336091873746,0.00019512716562364839,-8.067120292515089e-05,0.001361381756620594,0.0007270857257392655,0.0020815528572272054,0.00031116893080657923,0.0007174519936934526,0.0,0.0002160444848767964,0.0008188861285477625,0.00030357421423915634,0.0013628355240735885,0.0003187154356391032,6.78855547853142e-05,0.000421272886508161,-3.3009570492967383e-06,-0.0002566155615998153,0.0008458655653564804,9.786810166354243e-05,0.002165361673296308,7.598397647826372e-05,0.00040426227822043704,4.569038439667599e-06
0.0012936069897995647,8.802428733578795e-06,0.00014226943426526794,0.00018759604074650485,-5.939255805485912e-05,0.0015768164980436733,0.0006419784106565586,0.0019358450793527276,0.00027294715771745346,-7.17729500941849e-05,0.0,0.0002159834226914794,0.0007058872050664342,0.00026019218334713524,0.0013990742636776114,0.00013502351222380578,0.00021315250382119097,0.0002781044710099379,3.5464458558906787e-05,-0.00028848093262782775,0.0006981213909703754,0.00014737381859938813,0.0022811848477075,-3.157588223079245e-06,0.00041372981177446123,1.3514903593256696e-05
0.0013915877686467295,-2.1566201289724512e-05,0.00012731179207748803,0.00021330514313789136,-6.227018624390768e-05,0.001335323912411034,0.0005938479866116167,0.0019231150649171255,0.0002220001978285568,-0.00016020827636624844,0.0,0.00025384357203405805,0.0007227360322249838,0.00010884279345549071,0.0016351362456993837,8.114202735070099e-05,-0.0004480054998831126,0.00038033471920736995,0.00034515698708142945,-0.0003417406643695373,0.0006676035564102571,7.540696516773426e-05,0.002231874728013583,-9.818379237505552e-05,0.0003817704415904046,-1.8669733779974773e-07
0.0012396957802159804,4.137243201519272e-06,0.00016220470495772722,0.00020356801161580895,-5.377863685214486e-05,0.0013887855259080181,0.0007524747897847468,0.0022019101977182954,0.00023847439778562935,0.000534823719178462,0.0,0.0002687430583763478,0.0007807193704538614,0.00011612727054667279,0.0016563414730867577,0.00018600779805921485,5.0224900388815656e-05,0.0003722398085293899,0.00036869223748801303,-0.000325163019132923,0.0007178099900950999,0.00010775932910314478,0.002236424280000241,-3.0514037744340536e-06,0.00040781987149874596,2.354841470481863e-05
0.0015012402850937314,-4.4490165696583376e-05,0.00014623244940154936,0.0001797353547244557,-6.157339336340647e-05,0.0014664063666320287,0.0008388923297826571,0.0020255938019657187,0.0002342858324809356,-0.00041556659988951965,0.0,0.00028722917897869017,0.0007456476190060804,0.0002706338448247018,0.001543037459030188,0.0001441099900901079,9.509429845146606e-05,0.00021718350993296345,0.00027714436299004807,-0.00041864227943883936,0.0006508994808074889,0.00033071714158393377,0.002450146899600402,-3.234109372073854e-06,0.0003973061126915784,2.3565787151294774e-05
0.0014919649977010647,-0.00012736816716453278,0.00013171562905242213,0.00018205503120638847,3.1863009516921437e-06,0.0014297587636353023,0.0007450097338459358,0.0019989361701898698,0.000278951400700511,-8.120596547240463e-05,0.0,0.00023541137580915565,0.0007905934378279729,0.00025741103046163824,0.0014467417103678378,-9.685605551412809e-06,-0.00011002918173414855,0.00032683429650993186,0.00010268828811402555,-0.0003124955022937112,0.0006204164433223702,0.0002641000124209391,0.0023450308366389045,7.65868989166862e-05,0.0003588489708604591,8.68822653433715e-07
0.0015746215354731962,-0.0001760079416292478,0.0001832876877451711,0.00020714596927404804,-8.301619770536701e-06,0.001547074064633002,0.0008940735160183409,0.0019875208595109017,0.00020423652806445021,-0.00013459024681179872,0.0,0.0002569935760937974,0.0006900568198635279,0.000267586324936493,0.001726642551283337,-4.309980366066423e-05,-0.00019321351922322891,0.0005274992426582464,0.00042616135227083396,-0.00043032882973471676,0.0006906050840932991,0.00045239950701569606,0.0022214711380072125,4.863378842140327e-05,0.00035269543892583707,4.515100264159585e-05
0.0010525514785259132,2.608638415199907e-05,0.00014936735887413388,0.00019655253131379606,-7.06808059362771e-05,0.0010286340865667324,0.0006210056762925941,0.001605779197857896,0.00018576797875274501,0.00044784966649008713,0.0,2.0792958318780488e-05,0.0006310105028739853,0.00032009447407385324,0.0007945157451123573,0.00015474465766997735,-0.0003162127805709061,0.0006020366518793289,-2.774938217553938e-05,-0.000273389911326534,0.00021563304763025815,1.7376078663754704e-05,3.637295663368154e-05,0.00010932394664062235,0.00025257407582116763,2.4292424471392765e-05
0.0009508424534857728,3.434711110148994e-05,0.00016536822326765753,0.00023187530012878149,-5.637924538936129e-05,0.0008961964583676395,0.00037056680874187774,0.0015577094937729635,0.00019797291016596477,1.7205730651991098e-05,0.0,0.00014610380801366422,0.0005884803983132392,0.00029743968652584375,0.0006985661526399012,7.328666393505404e-06,-0.00035375404799402603,0.0006085632042749519,9.072196286465364e-06,-0.0003507180168383736,4.8556632463396577e-05,7.687102618585125e-05,-1.648433331790933e-05,8.88950193534012e-05,8.477850351489427e-05,1.4931264822715941e-05
0.0010130284919812663,5.356590557856032e-05,0.00016367321288600015,0.00023783752213237837,-9.872417181638707e-05,0.0012234240494393574,0.0005988915930822213,0.0020418329235593006,0.0010720021985885378,0.000317975155022749,0.0,4.484780518308487e-05,0.0006170004401846132,0.0001996600384796564,0.0008321066556502512,0.0002916578792374308,-0.0002068922801813523,0.0005179958091954714,-5.7343321961780644e-05,-0.00024320225822582503,0.0002058741144036026,4.1402309856101587e-05,-4.413208186531733e-05,9.786455981179095e-05,9.264991355208486e-05,2.1613347546572987e-05
0.0009690532004532393,2.5890686123459444e-05,8.878058910162253e-05,0.00021135480858820613,-2.5605186347667538e-05,0.001240256035959538,0.00048421917008342367,0.0018553704699688785,0.0009122266325177303,-2.7964908782790498e-05,0.0,0.0001591900806653309,0.0005729774999791908,0.0002643830916611641,0.0007918154081955318,2.1505328753689936e-05,1.801666777253138e-05,0.00046152029815538627,-3.4904176174690847e-05,-0.00030263519110231707,0.0002458539409251551,3.588000471667307e-05,-3.933353044276468e-05,9.142918486714195e-05,0.00014349271290262853,-1.2978288256020541e-05
0.0011287416014418787,-4.6301131218353704e-05,6.609796794128286e-05,0.00019856013740457995,-2.433615974196601e-05,0.0010444431008027528,0.0005860849919653655,0.001616465134516067,8.915908443372137e-05,-0.0003020675943443753,0.0,7.986748546761349e-06,0.0004553534012576987,0.00032645462400845385,0.0008311324424892521,0.00017530376090239778,-0.0003238575333310138,0.0004888065174274345,0.000326177480618997,-0.000375679239126954,9.438830189298148e-05,7.670716833124673e-06,-7.280414955889589e-06,-7.377310557241813e-05,0.00025177907895209875,6.918247701544787e-05
0.000827786594533173,-0.00018402614983735395,7.17710846470498e-05,0.00013056422268406737,-9.65678219360378e-06,0.0010274433403936504,0.0005049688044945376,0.0020066787163915884,8.022620003301636e-05,-0.0004170288803727207,0.0,5.873893212003885e-05,0.00044270862082627823,0.0003131265034835685,0.0009504495500412917,-1.3114946870295635e-06,0.00013864355210488447,0.00047835237903833233,0.0003776502398225917,-0.0004117657195376184,0.00016491688346188175,-3.3344951306031736e-05,-1.6659154587107744e-05,6.852916582093091e-07,0.00026629358554921097,2.537876128807814e-05
0.00096915557618404,-5.0821566152804095e-05,8.747761521423416e-05,0.00024112491518006888,-0.0001627127807355277,0.0010403443210735177,0.0004476606064476025,0.0014541540011463712,0.00019284815103760107,0.00036718163753846127,0.0,6.545492387840913e-06,0.0004228179510406408,0.0003006319221399825,0.0009684707747328116,6.169703704141146e-05,-0.00035270768878301983,0.0005232379983841759,0.0002912334372097639,-0.0003681854633894777,0.0001357290453558697,9.852050456631391e-06,-4.7160459524092256e-05,2.6403258493356526e-05,0.00021924793818218347,2.94679631905202e-05
0.0010005120078954545,-3.611062506066813e-05,0.0001062696753264741,0.00025467750450409635,-0.00013650605887794633,0.0011483078569180683,0.0005488086935125667,0.0014229073570389261,0.00029457550753909554,0.0003580226319568965,0.0,5.583782640962523e-05,0.0004059211378552245,0.00030166977353213826,0.0009466359378719689,8.758286155535141e-06,-0.0003754489304811649,0.0005440243249884761,0.00031437397627791377,-0.00041923386977296565,0.00015826173820101066,-2.8212965787402458e-05,-5.190820533999876e-05,8.847224169468421e-05,0.0002123975727557438,1.9943618496388415e-05
0.000993531383909745,-1.2286246927363077e-05,9.437501224362221e-07,0.00022348228691612055,-7.35748689256123e-05,0.0012271725842785215,0.0005123163905011599,0.0017342473554065767,0.0008707069076247904,0.00036702420956893363,0.0,7.635908659878914e-05,0.0005110428141082106,0.00020946795314957632,0.0008715691703077748,0.00016144657437021552,-0.00010563688038495427,0.0004560823173614639,2.4825654806177407e-05,-0.0003583592919368148,0.0002639308793747387,-5.4134571159751135e-05,-1.564331778788698e-05,0.00011108290190738194,0.00018308028339535353,2.7806159467923066e-05
0.0008873074288157206,3.5076773531667127e-05,4.12901940917438e-05,0.0001587825307161859,1.0858511132617973e-05,0.0009493267765435309,0.00026071223293685104,0.002329973993109085,0.000848906138708764,-9.477178031535377e-05,0.0,0.00020094811115336716,0.0003958077680183067,0.0002680095051217333,0.0008729830950717476,4.39124003609505e-05,0.0011581159984987413,0.00027898127985547937,-0.000158549326983605,-0.0002877121748966444,0.0004224810953882772,-0.00022264150551735263,3.2263123648286594e-06,4.740360633951266e-05,0.0002432782550301273,-2.4249210878590046e-05
0.0008506129156240351,0.00019885016856088225,1.4701610220551724e-05,0.00012913012859955007,4.4207522961550724e-05,0.0007495986485354432,0.00033640387375248116,0.002677858376773815,0.0007518861348856392,0.000785602627172943,0.0,-3.871485041788606e-05,0.0004397665354102282,0.00035527680359461703,0.0007893002441598433,0.0001029162098749642,0.0011234353148709515,9.311534410063348e-05,-0.0006305109943331836,-0.0003011532879895271,0.0005366516308405064,-6.818038894897291e-05,3.940092159446078e-05,0.00012506829629418433,0.00021925839258646695,-3.3254633147675345e-05
0.0009541195498639593,0.00023549217162110558,4.0921575992368103e-05,0.0001852457391488189,-2.3067777892319415e-05,0.0008771234104669176,0.00048144615701195624,0.002072631191532169,0.0008526911880985594,0.0005270980512586537,0.0,-4.107182515200931e-05,0.00038526269795530633,0.00014892150062785327,0.0009869944256070539,0.00031732546432417186,-0.0001738520261112063,0.00041018613480029847,0.0002991750740798249,-0.0001989155493114427,0.0007183563847817248,3.105278573368593e-05,-6.115224619003601e-06,1.4478976612887955e-06,0.0002426396901384222,2.7419658552093904e-06
0.0012003013641316764,0.0003157154882901197,-8.209477480782028e-05,0.00019463733847510336,0.00012811413824268173,0.0007367932846690616,0.00025170465918601133,0.0020144205299885754,0.0007772983324207191,-2.6068002327318667e-06,0.0,0.00019933897766574442,0.0003412695763109125,-0.00019188394164186814,0.0011857771530875327,0.0002122330798072523,0.00037886036481647983,0.00011870088802861515,9.82417079534578e-05,-0.0003877139020475017,-0.0012273500668567895,4.628349862041402e-06,0.000813496495654442,3.903130405255515e-05,0.000289840071162787,-9.579916003855745e-05
0.0012576886041078385,-2.1043620542297616e-05,-0.00018923384484808938,8.252960805249237e-05,4.310303164767284e-05,0.0010574326302449826,0.00036327495110493647,0.0016764639882301377,0.0008129317566234577,-0.00019869968539319144,0.0,0.0001948351631772547,0.0004601009045987938,-0.00012698324673678817,0.0011105638394106356,0.00014188926437675773,-0.00015505101183917953,9.236704039773288e-05,0.00020324835225449194,-0.0003890343557310339,-0.0007453193816820549,-0.00010656972099886744,0.0013204452002256765,-5.532318998938988e-07,0.00024977244490554035,-8.343507255822878e-05
0.0010478990164812748,4.8293431051369044e-05,-5.169715031466484e-05,-0.00011429700679089599,2.3782029774688873e-05,0.0010635281940257956,0.00033469491780004296,0.0016177041781251878,0.0008456374552675353,-0.00019663000631672635,0.0,0.00012000372915816959,0.00043938489299477824,-0.0002957076961530428,0.0006284740992592095,0.00016253936524565087,-0.002607963883091109,0.00014321509093878488,-0.0017126629895698891,-0.00018214740940392096,0.00018245744588756522,-0.00012353781450498075,0.00018218129859144523,7.428178852773825e-05,2.5714813222154037e-05,1.9636116884297305e-05
0.0006674316068318681,3.1530080212455816e-05,-0.0002384862482042184,-0.00012480305881217566,-3.366451496295489e-05,0.0008488246606124895,0.0002481140696115274,0.0022513438405414913,0.0008944644430016401,-0.0001132314894909492,0.0,0.00010325144396281624,0.0002293854560207897,0.0002475251276700765,0.00089883654239271,-1.1761293798643213e-05,0.0012432102193502476,0.00023867767384212478,8.455203604893016e-05,-0.0004448050654341531,3.689216014611516e-07,-2.569739271038364e-05,0.00018448698917916003,1.3376522166609946e-05,0.00033686796243396426,-4.1327598274563014e-05
0.0008060864175253044,3.611140106004423e-05,-0.00028951010350012154,-8.898167754034983e-05,6.304102843766295e-05,0.0007591899591423996,0.0003247925082219885,0.0022110736144965656,0.0006758433538161695,0.0007686966198621977,0.0,0.00014443486703665643,0.0003082956014624104,0.00025213369864813824,0.0006642145487750652,8.010962039738429e-05,0.0006067993420414168,0.0001484256233163233,-4.981789054846903e-05,-0.00028839618371880336,-0.0008427942942121593,2.8507261838992545e-05,0.00037263612333876447,7.451696145783581e-05,0.0004073325814809516,-4.2384332960717e-05
0.0006734690976697779,-1.7544050727228414e-05,-0.0003104165118567491,-0.00014337775729183014,3.6591272389135947e-06,0.0007500382495757195,0.00034812370267531793,0.0021675532768417587,0.0007590973913041643,-0.00019455219306141878,0.0,0.00019762067335055874,0.000247958709912965,0.00014285193724073887,0.0005353752406150014,-3.421247717407131e-05,0.0007878048790133227,0.00025619968138558416,7.235551469150013e-05,-0.00040446939946674605,-0.0013344946416827,7.316681322990742e-05,0.00042019927787284616,-4.879307272267191e-06,0.0003403956426105671,8.661745398453084e-05
0.0006554242668550966,-0.00012462235489151154,-8.122578134095848e-05,-0.0001469162747441617,-3.211025884259039e-05,0.0009051213097449501,0.0004827931227712335,0.002082211894772075,0.000783607166539376,-0.00036523716521593054,0.0,0.0002552194943898144,0.00026830746530770113,0.0002591078123968278,0.0006127439747141512,7.857635773053462e-05,0.0005277627423558067,1.2579001258936937e-05,0.0002488813155121103,-0.0003492515156311154,-0.0010491160477542262,3.504513914564365e-05,0.00038400494955614586,1.0407622285327573e-05,0.0003351618034693937,-3.667605913445077e-05
0.0006023443433396856,-8.194218641771226e-06,-2.0715176657895205e-05,-0.00020628795471592387,6.330815687481133e-05,0.0011796912973106065,0.0003799088847965965,0.0019953036496106365,0.0008911982630254462,-9.025497298508663e-05,0.0,0.00023014937497620893,0.0004151019640624081,8.357348175426011e-05,0.0006849813070659315,7.629560538560143e-05,-0.0001093464525848453,8.853428743381554e-05,4.181335913736825e-05,-0.0003430931125132629,-0.0005661911403300858,1.0580093726371267e-05,0.00037298319180783894,2.9440055686181228e-05,0.00023598987995253183,-1.1538898685266668e-05
0.000697510832084103,-2.733525906335725e-05,-9.934108140907113e-06,-0.00018028495261766158,-7.633952245332173e-07,0.0012699908548145168,0.0004981447075068264,0.002105345444749179,0.0007669855117591617,-0.00010546656324737971,0.0,0.00017733124462148501,0.00035259237981458136,0.00016530286624716976,0.0006066809776468676,3.443579207930999e-05,-0.00027807983716976274,0.0001378423698976408,5.632624876249885e-05,-0.0004172636828587141,-0.0006937202065081728,7.291519193723107e-05,0.00042744544762878184,4.686994971850392e-06,0.00022557709950015605,3.438775308092252e-06
0.0008758057713829535,-0.00011208255692951724,0.00014077075935225991,-9.050516646686272e-05,5.7051904794149576e-05,0.0009212497314303122,0.0004315683638361676,0.0014043531085501705,0.00026017372517038695,-0.0008674923289694033,0.0,5.8257860347817235e-05,0.0005126231562794385,0.0004194576676439867,0.0006189464427144827,0.00020563355554262965,-0.0003608695923044792,1.962686155751571e-05,-0.0003209072799035532,-0.00025904655661491933,0.0004914386859285056,5.975229428289104e-05,0.0002743526124283878,2.4512788009270278e-05,0.00010022912222999164,-2.9802820316139154e-05
0.0007951398287130592,-0.0001978439525616706,0.00012833341566359394,-0.00016992479360781692,6.136546766545784e-05,0.0010403336395664556,0.0005922428077241687,0.0016278304776836802,0.0002474837874666748,-0.00012664424106936917,0.0,4.4630854115413844e-05,0.0005016121266850825,0.00017218207717363947,0.0006806133017909471,4.788152363566784e-05,-0.00025268148719406584,2.0911299136686362e-05,8.018835593644111e-06,-0.00031295192302130084,0.0003378074725116736,7.446378506617301e-05,0.00036891688718024317,-1.1207456761606849e-05,0.00030439777054291163,-2.5845598688048685e-05
0.0010599184291755553,-0.0001471548824799259,0.00017527693763850626,2.5010374230316457e-05,7.357111545636714e-05,0.0011976421209777463,0.0004532820103599694,0.001961218528700472,0.000957917631263266,0.00020389662181887142,0.0,0.0001666974131894306,0.00038518977504215445,8.655284834016127e-05,0.0007684681484251455,0.00017366078567498938,-0.0003346511370687076,0.00015299098186112052,-0.00011501818510757924,-0.00033011191334117733,0.0002277409415616673,-5.6226114139163134e-05,0.00032618685606775153,1.897049564278128e-05,0.00030941569067878245,-5.146071435104331e-05
0.0009766916774000894,-0.00016820363859198345,0.00017963482685490745,0.00010359256072640081,4.5079104680650934e-05,0.0010876565429527765,0.0006990809925417797,0.0016858044023184968,0.0002730374094708825,-0.00013293876190181614,0.0,0.00013303682932732045,0.0004996890420338795,9.234604988471132e-05,0.0007563327968235143,0.0001368180112235794,-0.00012656786795135216,0.00028432435683305884,-0.00011584703831256198,-0.00039828265127488555,0.0002948770577981392,1.81118258700458e-05,-6.715333753534691e-05,1.41233785265554e-05,0.0002687782978291157,-1.664379474021357e-05
0.0008716727894323634,-0.00015502277516315967,0.00019426742270758484,0.0002153627635616002,4.65111757963645e-06,0.0008403027779046833,0.0005994729684086693,0.0016462316763214617,0.0002495800467012559,1.7175333330622128e-05,0.0,0.00011242627040031364,0.0004553119249317696,4.886015148480789e-05,0.0006441832230224556,0.00012987374305565368,-0.00014998753683772857,0.00043246205613365994,-1.9297323948297124e-05,-0.0004068851430616797,0.0001434867162899466,0.00016486942273333564,-2.6449213676631514e-05,-7.01672418473574e-06,0.00013284500492951706,-1.8249997571388865e-05
0.0008658178834801392,-5.632152171452727e-05,0.0002971485012231726,0.0002300895114731183,-4.0192243055759165e-05,0.0011346043630019978,0.0007339911852516066,0.0017909007963781698,0.0003543179310908178,0.0007194789867170176,0.0,0.00019821615170844577,0.00043994872556042967,0.0003037367851246726,0.0009295345888446077,0.0001521737234687182,-0.0001743699624290919,0.0004963946815016655,6.102540405049816e-05,-0.00032396539275215963,0.00025487752639398665,9.242519216266828e-05,-4.588798495251014e-05,-6.403217369166282e-05,0.0003026632058968402,4.463278319792117e-05
0.0010125503050624526,8.867264023886887e-06,0.0002740003526519749,0.00019520840562478885,-2.6231381535021116e-05,0.001105346389329784,0.0007733915604578083,0.0017709918327970344,0.00024693601986445357,-0.0001607319854075015,0.0,4.109317092984951e-05,0.0004524265048903819,0.00026051302787542444,0.0008625056063866331,3.923009865209544e-05,-0.0004668303091481648,0.0005079666775675828,0.00014126853588292848,-0.0004806304759885807,0.00018239728338743526,0.00010456224758797077,-6.566086335619574e-05,-5.836962067923046e-05,0.00031766299477331924,5.657014383034844e-05
0.001064446923871174,-3.02515823808032e-05,0.0002214190684611398,0.00025176106218860987,-3.109207520633236e-05,0.0012037510776089057,0.000745584790233767,0.0020551414317315827,0.0010037383791559435,0.00020476028941727398,0.0,4.569015589935722e-05,0.0004777099070249588,0.00019328402755044088,0.0010599200900786837,0.00016924001375582425,-0.000448552183824314,0.0005787704808552816,0.0001937827149627478,-0.00038287990870716277,0.0002697320024171492,8.509266316296564e-05,-7.125732165147921e-05,-4.884896518757039e-05,0.00036501284670830585,2.226778647833601e-05
0.0010414935383351084,-1.4586216005260693e-05,0.00024626192465401666,0.00027470706665032584,-6.445637684657911e-05,0.0012663162568687953,0.0006159549132084143,0.0019915935387263117,0.0010119516178987006,8.36136389339755e-05,0.0,6.724085172683896e-05,0.0004963281326123134,0.00016849915869086656,0.0010069802138599545,0.00016152173221285374,-0.00034479362871544627,0.0005831581192252823,0.00016523539667282822,-0.00037538092046922984,0.00026954208394071105,8.214439527324787e-05,-5.988934419243184e-05,-6.783832794740275e-05,0.0003325046252249427,4.906313646526827e-05
0.0007453602300964234,-9.08774585288163e-05,7.247231077776774e-05,0.00014801355417892747,0.00012440515397605168,0.0008522588963345628,0.00024474429014163866,0.001958615121693805,0.0002318617232196245,-5.5282772709096026e-05,0.0,2.5691042204099683e-05,0.00042877571826055655,0.00031030417157581255,0.0008441210226870713,1.2207786015504112e-05,0.0009425611116444437,0.00036280335407925206,0.0001893228172015875,-0.00047020972863645024,0.00029847230611432734,4.137911174197982e-05,-5.132839599664808e-05,0.00011270748387174916,0.000312500190004806,2.5392535374116025e-05
0.0013311018087901136,-0.0001282278944751478,9.13825677050766e-05,0.00014161649698645842,0.0001022143628416359,0.0009610136255855855,0.00047436629212518975,0.001758534693642825,0.00017257352516080224,-0.0001849910383643488,0.0,0.00013377153184698052,0.0006985682014779089,0.0005842476829851696,0.0005413329160848678,0.000327625200683319,-0.002929630142700161,0.00020925498094902478,-0.0017767287970941016,-0.00030117134704812454,3.030482041172017e-05,4.893138067120592e-05,0.00022180721985467933,1.6435015599116706e-05,0.0002232006761543779,-1.6731781068974072e-05
0.0009009125726042721,-0.00011011929120193582,0.0001619471113237761,0.0001923298008918468,5.864359878466034e-06,0.0011119325407539626,0.00045038673305580366,0.0017208198799350811,0.0001302787676291335,-0.00010027592116428233,0.0,-6.546861673486965e-05,0.00041712300425418927,0.0001438478090391602,0.0010340313472485462,-9.478406853452408e-05,-0.0003582486035175354,0.0005446631779661652,0.00023862863267728405,-0.0003997748921350492,0.00016502924711731535,0.0001344974954787755,0.00022517112504052788,-1.0375258003602254e-05,0.0002536554396726327,4.660261247994819e-05
0.000913914906403052,-0.00012217675121284867,0.00011813888245171562,0.00020210606913151127,1.9933467023354706e-06,0.0011571686351111814,0.0005580584167438058,0.0019457015440948666,-0.0002287434739064346,6.809921867146342e-07,0.0,-6.487625217980486e-05,0.0003858075529477416,0.00013813460979513682,0.0011227021907226225,-5.4444448013279154e-05,-0.00013363735114841778,0.0006131456056317566,0.00012773282687661726,-0.0004417649624866102,0.00041854781613196265,-7.42697769357728e-05,0.0002905556076113748,-7.394831323113774e-07,0.00022490294218807308,5.901161381709593e-05
0.0009204887375834379,-2.3796269837558914e-05,0.00011957538212390249,0.0002092520687604132,-6.866987318653759e-05,0.0011280098944764952,0.0006108139514728068,0.0019542080437801525,7.255280531858328e-05,0.00033967826444320295,0.0,5.1251781917510724e-06,0.00042139124833230667,8.049332674750202e-05,0.0009565349821429643,-2.9836430756328932e-05,-0.0005063432493928786,0.0006004236343179832,0.00019501253736666863,-0.00040634853226367607,0.0005222753055759365,-0.0001378447724393088,0.00024661437669977964,-1.1076633850078429e-05,0.00028950272716180144,4.481810290126151e-05
0.0009661039061202479,1.5116945882744321e-05,0.0001722094060144661,0.00017981974273231956,-6.0495623400913176e-05,0.0011283794571707807,0.0003793370996092384,0.0013453915873626824,-0.0005961354139432524,-0.00015120194998450085,0.0,-6.726645589518005e-05,0.00046711603182425884,-1.704789182329169e-05,0.0007107328470707633,8.741973907486709e-05,5.488386825416525e-06,0.00040776489832742923,-2.024839955339647e-05,-0.0004495269617904359,0.000508046034979597,-0.0003349582362223813,0.00030450079848032193,4.121147161841984e-05,0.00020440934185892408,7.868459411019444e-05
0.0009938078698190059,-0.0004092177495887873,0.00024145604701759175,0.00012440158265176836,7.091688410755184e-05,0.0010236219908127822,0.0006546612045834673,0.0013687208654282678,-0.0006977856824944554,-0.0009213986536741104,0.0,8.197034632687173e-07,0.0004440691341868977,0.00016699782161049294,0.00048791532157870004,0.0001450992870898233,-0.00014290110430239283,0.0004655213348598869,-1.1337088756918746e-05,-0.00028432578579043526,0.0003533926813019994,-0.0002085886355847081,0.00023427940537185826,6.651121249418535e-05,0.00020018799147095904,4.992058832206716e-05
0.000800071944990665,-0.0002496250587359482,0.0001945708551221442,0.00013241454519215506,-8.185736757053319e-05,0.000996841827025245,0.0002548503387087071,0.002020019238555956,-0.0005011139063820654,3.4356836249921985e-05,0.0,-1.961313484351314e-05,0.00035530999360749066,0.0002340698536826962,0.0008167056774145682,-1.9597320756672097e-05,0.0005914820211355777,0.0005490088439374835,0.0002716269056051552,-0.0003651265272324203,0.00035729121446831326,-0.0002649552995576333,0.00023218842745691975,4.389081074687246e-05,0.00027387695778758497,5.471693554809907e-05
0.001128962108474451,-0.00012516427907312963,0.00019927823135511505,0.00011931273339680131,-6.726741343676812e-05,0.0010809540680672652,0.0005355962007748434,0.0017874931950837356,-0.000533900725387807,4.3032976210718576e-05,0.0,4.706219013685931e-05,0.0003486746050984525,0.00019614498117902733,0.0008202212563163018,-6.025943916422724e-05,-0.00012834692420954095,0.0006474192936002401,0.0002765348905098202,-0.000411905259954197,0.0004876287513807911,-2.5735298625903685e-05,0.00026674576927184174,1.7573020600794067e-05,0.00024307729361031764,5.1951102463601674e-05
0.0009230627532638035,-0.0002825713806721396,0.00020749730314219538,9.676911088325834e-05,-7.188615059381758e-05,0.00112821005303,0.0004979331474851282,0.0018065120565350392,-0.0005562732483805337,-0.00018002754096993947,0.0,-1.3871881560077641e-05,0.00035777733166868355,0.0003402021160551231,0.0008047019876696092,7.157515695554243e-05,6.37550823731468e-05,0.000518208129941317,0.00036758305193852433,-0.0003635012821780414,0.0004354296823908809,-0.00012100185622005162,0.0002054249432554353,2.3604255800179998e-05,0.0003044392195269482,9.691883134241858e-05
0.0010961713898127523,-0.00039181695929191865,0.00016090703415183583,0.00014193379767840392,-9.65687772581264e-05,0.0010660883939123907,0.0006053217485958102,0.0015160256170819793,-0.0006832339955972105,-0.00048308675313161824,0.0,-7.574731070422532e-05,0.0003168846580684607,0.0003110938125984336,0.0007311770286022429,5.013985352913049e-05,0.0001375999902826311,0.0005951676455584428,0.0003768110184163955,-0.0003379383341487663,0.00041137843488924235,-0.0001611089421686108,0.00014610668112956552,6.881969367241617e-05,0.00023116618942206832,2.9676071131492443e-06
0.0013463219757076938,-0.0005422907442827517,0.00013480595576601258,0.00020087978700064667,-4.236885612483579e-05,0.0012369830577257325,0.0007540206676441357,0.0017769766971640023,-0.0006514840018437835,-0.00013505305498390596,0.0,8.176175482053762e-05,0.0004474402300184458,0.00015204760647667467,0.0011983138929205518,0.00012026461371417284,-0.00011748013728189952,0.0003096115144596839,0.0002425790321418321,-0.0004010627873087751,0.0007284478873004977,2.9220790151632005e-05,0.001983193282421591,4.1050939899498145e-05,0.00026369011506228876,-5.7990244913597316e-05
0.0010031690090794554,-8.516392196987081e-05,-7.423354452308207e-05,0.00011743902519407175,-0.00014287475297480122,0.0010244777977518789,0.000308979508323034,0.0024669701151372814,-0.00036385984446510127,0.00035656289354220555,0.0,-0.00015063469345694223,0.00040744478650908407,0.0002687385477947023,0.0012670430903756458,-9.2093890594911e-06,0.0007164429892296852,0.00011770920250254951,-0.00035534471058341313,-0.00039067639432294676,0.00038632780240422526,5.4284812456789797e-05,0.0014029109249070074,8.449970296935335e-05,0.00030494178709918534,-5.638309397411159e-05
0.0010798328432811046,-0.000520168033348724,-2.0631065181340715e-05,0.00011994889676479289,3.964295467971206e-05,0.0005226505172885046,0.0003430890833642203,0.0009079358912923993,-0.00047458961180705633,-0.0021532478204551175,0.0,0.00019941173030362552,0.00025886938937788855,-0.0001931920291774539,9.31280478208798e-05,2.503285435261495e-05,-0.0006040568479803981,0.0002975649051712612,-0.0007063763501950479,-0.0003115453004043012,0.0005312734092122012,-0.0001771817557551168,-2.6170792798450917e-05,6.669075309110476e-05,0.00011105601968128215,-3.6026467582561764e-05
0.0010866674465147249,-0.0008704381432113103,6.906453018719554e-05,0.00020200713804703732,-5.980353295067389e-05,0.0004923397237460763,0.00031456205267714807,0.0011244441432599875,-0.00045049407581243555,-0.0002943416946271612,0.0,0.00023649094606316914,0.00027453249634429164,-0.00034782190747566135,0.00025778239866987,7.240761806747383e-05,-0.00035346014041592476,0.0003322263259463319,-0.0006743557386847769,-0.0002914266607872789,0.0003698756911496307,-0.0001047980117969514,3.861517241951507e-05,7.80615054938682e-05,0.00018536156046008472,-0.00010767300789558677
0.0011721549728844686,-0.00053921392453656,5.8068923957820336e-05,0.00019993713454825686,1.0615590925559242e-05,0.0005313123074924342,0.00036215455519123495,0.0015445737978862304,-0.0005301857115817798,0.00046226775238195495,0.0,0.00024508657294756417,0.00024212952794579472,-0.0003062567583347395,0.0003666979464370434,8.081867397864253e-05,-0.00031852890485829956,0.0004186880016060651,-0.0001293947255065151,-0.0003229278837940126,0.00022305980114849564,-5.462732415953796e-05,6.958297150614216e-05,7.410493746988924e-05,0.0001438101129879513,-0.00015574763567498436
0.0008998102639455381,-0.0008090869623029991,7.298900147729369e-05,8.123834368181967e-05,-0.0003428693575987447,0.0004923909749301621,0.0004708937939929963,0.0011489579097999165,-0.0004253247077577656,-0.0005429757728801949,0.0,7.686925196568337e-05,0.00027323707113331735,-0.00020790534412774017,0.00026179198638428625,7.860301475253816e-05,-0.00028720819061812817,0.0004481906977750276,-0.00045205227521410095,-0.0001974046829063259,0.00015759972408901856,-0.0001080900837374346,-9.945158920950612e-06,1.4305371274414158e-05,9.496421492441876e-05,-6.180172687751963e-05
0.0008857499364326366,-0.00044376847620208876,-0.00010959251003345608,0.00016970008876718667,3.227423514828688e-05,0.0006831374696916431,0.0005675974837329967,0.0018845253337769316,-0.0003471160585426545,0.0005599908372136083,0.0,0.0001719281265318106,-6.672355094902672e-05,-0.00012890522740233268,0.0004953853447950076,-7.416662137325142e-06,2.6375454164077847e-05,0.000565754217205333,0.0002012281255020811,-0.0003563427818852346,0.00010837484981909909,-1.4746767237650147e-05,0.00011293625210551851,-3.2245127306003874e-05,0.00021634187203700887,-7.738802232148442e-05
0.0006748602041866426,-0.00010153860797710616,-0.00010728043105833208,8.732773173021564e-05,-0.00039722767567652195,0.0005469220424334847,0.00021611899078500426,0.0017871461205721632,-0.0003340326708198025,0.00048718039780709877,0.0,-0.00017728074229306153,-9.841512230413614e-05,-0.0001431631867651701,0.0005844314539918953,-7.019993366325707e-05,0.0009327446160433316,0.00019752917454958786,0.0004639036471607046,-0.00018543848066633606,0.0001686412004067289,-0.00018281217741743905,7.991162951418817e-07,2.5316540486996582e-05,0.0002040095265453298,-0.0002983672769851275
0.0010973490134865806,-0.0002558635522444038,-2.0746924601392798e-05,8.323549479890999e-05,-4.2430071908387e-05,0.0008560474311724068,0.0007227636632896333,0.0015477460459742682,-0.00034017467724779414,-0.00034168362073089986,0.0,7.157469484176701e-05,-9.280319282622485e-05,-0.00031133580595449155,0.0004710962961026599,-2.8696538085060095e-05,2.246784189607668e-05,0.0005337912324064734,0.00039858404496165235,-0.0002434974324539396,7.805609684252483e-05,-0.00013390917731508247,-6.154558497782751e-05,-4.964100242053862e-05,0.0002327345779866593,-0.00014854634673535104
0.0008591533604802983,-0.0002447416631698761,-4.517658540155783e-06,0.00012297619895315637,-0.0002446370970575893,0.0006700916687115489,0.00026427543645266775,0.0019033390279593217,-0.0002561619743190704,-8.826969430564374e-06,0.0,9.526967666083464e-05,5.219533608332565e-05,-0.00024350936232207747,0.0005154427450116319,-8.074623839049486e-05,0.0011138167456596034,0.00031786821807335447,-0.0006447153279879884,-0.00033782416100253603,0.0002979643153264332,-0.00021377541158645934,-7.081258816932215e-06,6.581954900353412e-05,0.0002829767292740161,-0.0002363009628745808
0.0012100047835719358,-0.00038827794821836014,-6.244562038337464e-05,0.0001239598618818743,0.00010170130562168583,0.0006912175361784409,0.00037679167253548457,0.0016226243999919185,-0.0005895381641790564,1.1820867518624256e-05,0.0,0.0001732079118525393,0.00031788504229780784,0.00019377439617117496,0.0002983330704618986,0.00020187745603309463,-0.0027676997925436832,0.0002477904421083352,-0.0020252180694450236,-0.0001944885928594975,1.0698575737475393e-05,-2.8651454208558976e-05,0.00024388516930174436,0.00011761710686135444,7.61863757633533e-05,-0.00017904914274127773
0.0006880863915441781,-0.00028994060516610026,-0.0001429325928088269,9.771866874251e-05,-4.832962942667757e-05,0.0006678295448106268,0.00031397035009880835,0.0021025600143429386,-0.00039153126444209954,-7.575735091482201e-05,0.0,4.254317278094963e-05,0.00016996441596472294,0.0001279631423682209,0.0008007799251266819,-8.130651763564401e-05,0.0009007233128925788,0.0005730019801793757,0.0002076452805271495,-0.0003563576339202541,0.00022766222357920339,5.612206378359693e-05,0.00026407144411630975,8.066965799274469e-05,0.0002455042203226048,-0.0003045929548080834
0.00026086399706388313,-0.0005806835261903294,-0.0001377324725254943,-5.821063743325339e-05,-0.00022053269703630428,0.0007290828527552786,0.00033715420092602424,0.0019226096132484987,-0.00023500333321062973,8.827775907174598e-06,0.0,0.00014853663879140503,0.000195954258900488,0.0003384616805099855,0.0007683031575384644,-5.4945926665803434e-05,0.0012604713719716256,0.0003981137539386165,0.002292084088978147,-0.00017624370545312663,0.0003220551649538149,0.0001615636270864824,0.00033680943403017143,-0.00011504707537009673,0.00023238638520510824,-0.0002446912392417693
0.00030431417530676273,-0.0004216238943731745,-0.00014661281692791834,-7.056286299387664e-06,0.00028865662646073006,0.0008551861695755582,0.000323549702107569,0.0022848449810538613,-1.3419597091991067e-05,1.360976723711375e-05,0.0,3.0115429910059282e-05,0.0002014502568113845,0.00021825940702355974,0.0006958597555450447,-7.842571815802503e-05,0.0009753492906661338,0.0002745862917318183,0.0014265980736411197,-0.00026313181559816333,7.263799067841989e-05,0.00011683716579295592,0.0001763112700410071,-0.00016440250181537147,0.0002467171545945876,-0.0001472065065379864
0.00025407976656870965,-0.0010926330270050893,-3.7761186836419416e-05,-8.855400027982085e-05,0.00029176548663851885,0.0009210580285173,0.00044374840869840107,0.0020744012686878806,-0.0008738168188042243,-5.8976969214251634e-05,0.0,8.08778680543868e-05,0.0001184996173879613,0.00015254379396207896,0.0006365066626126363,-9.2932453108553e-05,0.0008815225632202393,8.840569541729645e-05,1.1025787627685197e-05,-9.53222080463e-05,-0.00045540420885497397,4.5502670097840706e-05,0.0005266247414994316,-0.0001355712538682782,0.0002334989759390837,-2.495061595482998e-05
0.0007725037655555815,-0.00017055986237865417,3.9696413286771573e-05,5.817177173055261e-05,-5.6563937671427246e-05,0.0009348975462297863,0.0007713129148552312,0.0018974813595246669,-0.0003969213538408651,0.00038369483433515475,0.0,5.665213821594575e-05,0.0002494116812610391,0.0002055863264502821,0.0005462234721870322,-4.0792844553174274e-05,-7.038111354014541e-05,0.00026947309321943033,1.1936993651511524e-05,-0.0002572115905362487,4.705608940601696e-05,8.36167905682711e-05,0.00043955878038678806,-0.00011782759087363952,0.0002933534455106592,7.445566100977863e-05
0.0009048490998939377,-0.00019430238784342408,6.392205896037783e-05,1.6569028698845162e-06,2.3456006909566232e-05,0.0007695791237272776,0.0004292293470091665,0.0013297701808508968,-0.0006600840715030923,8.759637864256055e-05,0.0,0.0002875265782467447,0.00026126452031671407,0.00038509478913147544,0.000461504033839329,9.793920042615557e-05,-0.002287691816991982,0.00025492574321709787,-0.0018919485121065053,-6.937645178456197e-05,-0.0002212384186680397,-0.00013098087637249613,0.0005092377836825563,9.716863387184507e-06,0.00016478110834585724,1.8518708208022697e-05
0.000516095194967217,-0.00011967632441887798,-2.503819989831333e-05,-4.956988008060589e-05,0.000262675380393323,0.0007161274708452035,0.00045928961633364806,0.0015518361387304807,-0.0008257116056804982,-0.0001563605238201992,0.0,-1.5069432035480952e-05,9.432320481074727e-05,0.00025908428245197763,0.0005092831004155618,-0.00012562691802707045,0.0010739932683708835,0.0001726312939896146,3.644460927846216e-05,-0.00018134023796512983,-0.0005335110029244168,-4.3662894676128704e-05,0.00044759264459104045,-0.00015145253229098212,0.00024138397212036269,9.734120108948126e-05
0.0001279500463586804,7.304708380538907e-05,-3.1996309372890814e-05,2.0325470258236115e-05,0.0004007162117187856,0.0002230551038451342,8.985909606917294e-05,0.0008027673573735516,-0.0003922033128920193,0.0008207075466168844,0.0,-9.709238011787947e-05,-0.0002335196822087318,0.0006141155244287731,-8.94913618342871e-06,-0.0002079924917393468,-0.001801257333481017,0.00011785962291145611,0.017495391001615367,-0.00048272396798730615,-0.0002630644471317774,0.0007991533761483916,0.0008601341401671541,0.00021766859791119505,-0.00022681577996807838,-0.00015714847195979153
0.0006581042075891684,1.2491281840359688e-05,8.093787189554377e-05,4.798816068817801e-05,0.00017035889874481084,0.0007738332942605995,0.0003168351326256236,0.0010283740929802083,-0.0006784567727378092,0.000556713107461337,0.0,-4.0430256203774454e-05,-3.5071803324396793e-05,0.00021213183387462406,0.00032064014537748524,-1.578922148577888e-05,0.000555489075859185,0.00014279672932844867,0.0002662739476933891,-0.00023747233892718126,-0.0003601871132403724,0.00033829715199663993,0.0004120417772399055,-0.0006140529066994808,0.00040267181217377605,-1.2280716590256303e-05
0.000771200194528345,-7.773765673727756e-05,0.00011169035636699552,4.197927647405455e-05,0.0001306235947677209,0.0007651275403472523,0.0002985816532469661,0.0011478516318190423,-0.00048014165689547623,0.00017307710153301295,0.0,8.940427095693384e-05,-0.00012783706648934217,-5.25907098283478e-05,0.00032106721214768274,-3.8526167094989467e-05,0.0005142379754670778,2.3457775004712006e-05,0.00015910762161513002,-0.0002683472807580994,-0.0010350420352639596,-0.00017482645047210593,0.0005501535183117894,-0.0006544528140363045,0.0003193343424218545,4.620714533336735e-06
0.0008800042988915568,-5.472325694620279e-05,9.422742722555832e-05,5.994989102709058e-05,0.00026861962039476247,0.0007391765616334362,0.000155127815965826,0.0010053484361225791,-0.0005409662765027133,-3.7087610003316596e-05,0.0,0.00015699629785164438,-0.0001940792361364775,-0.00038861782670306355,0.00022541907182048614,-6.192358635795833e-05,0.0005210516225415903,-1.7592045648742215e-06,0.00016131365266046992,-0.0003320116858720227,-0.0008339878140202592,-8.74707182789792e-05,0.0005268480336815776,-0.0006111112578482622,0.00036037583339092785,1.1742631774127314e-05
0.0008626654148703544,2.8272399579512242e-05,0.00011109688494363284,9.235633700084172e-05,0.0001816923121612382,0.0006238492927503119,0.00022016490079754272,0.00110261967351489,-0.0005029879502915625,0.0005109508221447354,0.0,7.866022256639749e-05,-0.00035347795631271764,-0.00023789992709003576,0.0002577044263729006,1.1028439810610017e-05,0.000738670006995981,-7.304414630846292e-05,4.576567256792892e-06,-0.000316558253539376,-0.0013010105229279366,-0.00020137157991557289,0.00047020252335586675,-0.0006312979102357599,0.00026532232843363865,5.1878598442421005e-05
0.0008502275415736522,-1.1484461121547398e-05,8.982942634163196e-05,0.00015689500311039797,0.00025808443204605687,0.0007011145177406851,2.7978304403493256e-05,0.0010980005962634837,-0.0005506591474413272,-7.361383726485248e-05,0.0,0.00024666644375033204,-0.0002634081133854843,-0.0002421574339296847,0.00022747950262279226,-3.195752204514062e-05,0.0006317046564930011,-5.161062879155217e-05,6.196408693285817e-05,-0.0003500298095813662,-0.0008625823783809043,-0.00011444008061310598,0.0005211435100383391,-0.0006142803153872378,0.0003140049368715906,1.1732569249798878e-05
0.0007618984313522003,-5.357367040758272e-05,9.70031129350946e-05,0.00015455224699040777,0.00015824876672245822,0.0008729835306993433,0.00036834766945892703,0.0010830704174213195,-0.00040196288815103005,-0.00022656260533774272,0.0,0.0003094121344644783,0.0002799164045238034,-4.292359720259053e-05,0.00018727515993734723,5.780086939172796e-05,0.000656127619975157,-0.0001133262580339937,-0.00031358616015302363,-0.00033136647114387737,-0.0005097441077600081,-5.631281655714554e-05,0.0005721725456637197,-0.0004860698764350389,0.0003732157704509688,2.315087710434947e-06
0.0007808229544971598,-9.609741835892109e-06,0.00013412824387277607,9.942506202999684e-05,0.00013500662006286373,0.0008500552368951111,0.0002316223901708586,0.0017421895838806746,-0.0004930816097675624,-0.00031013407068913195,0.0,0.0002121534010142638,0.00011564892289957668,8.715212357998298e-05,0.00035645779794383716,0.0001574628267714517,0.0008550389970585821,-5.3395287148817005e-05,0.00018435419999151273,-0.0002195022234518947,-0.0008489352198012003,-8.047095493025822e-05,0.0005879790177300717,-0.0006591844011350134,0.00036183262256462315,5.473536334247495e-05
0.0009346674158535144,-4.042952543388293e-05,0.00010157457339480845,0.0002611651515059428,2.5927095843084992e-05,0.0007038987079979468,0.0003890613428742288,0.0012236469054384054,-0.0002225587566159755,0.00023069721362898695,0.0,0.0003843296471032648,0.0002986335214495256,1.789048979785564e-05,0.00029508841497814185,0.00029616256141537045,-0.0004050718911478721,-4.4660196236848124e-05,-0.0003981538562554115,-0.00012490225362888025,-0.0011210208246170655,-0.00030920910562222403,1.2991781103806174e-05,-0.0004678799537945003,-1.687694621460738e-05,-0.00011799085933174701
0.0010919080576216361,9.830955263004361e-05,8.475251765834097e-05,0.00015869674381217762,-0.0001117559309909039,0.0007202315599000176,0.0004363432643864278,0.0012704339985522332,-0.00023692409470607546,0.00028502484299392075,0.0,0.0002904781028833974,0.0004057581500011315,9.873462314319315e-05,0.00036884645758138114,0.0001305955382463756,-0.00037684008344147593,-1.5947521576548134e-06,-0.00035153183876126615,-0.00023527550408978945,-0.0011006824509506438,-0.0002721927463095893,-0.00012731208110533388,-0.00024131358853990886,0.0001396215754171952,-5.630437007672446e-06
0.0009246602656388694,7.035080833105087e-05,8.541936973075146e-05,0.00031298253549736754,-1.0135247039710049e-05,0.0006700934089884378,0.0004984825364310214,0.0014883725671758403,-0.0002083182890913466,0.00020929679578767473,0.0,0.00035810028632036014,0.00046544360219726456,0.00021064919543199042,0.0003722764372278435,0.00011938515476908749,-0.00043956059104527053,-5.925834431520675e-05,-0.00026295883943708667,-0.0002631818229854994,-0.000902801382853759,-0.00027278002458279687,-0.00018593000370289702,-0.0001350620467719153,0.00014309418903631993,1.8422178404947202e-05
0.0009190585399631396,5.169830021643056e-05,7.127926974435249e-05,0.0002478660920736348,0.00012956241493884636,0.0006333972010751372,0.0005412460753746127,0.00152139979941166,-0.000413198632694689,-5.9588983759294125e-05,0.0,0.0002083156723491813,0.00046915797694887075,0.00023169147565264015,0.00024839340155680524,0.0002677849190869277,-0.00012921796945482216,0.00014224738780094727,-0.00026523699791338655,-0.00034690061029577293,0.0006004854247981361,-9.85191763666138e-05,-2.0591750208912777e-05,-0.00011068911630778787,0.00021043360263204154,1.837986675185214e-05
0.000896898859507688,-6.447831592523419e-05,7.4008765539323534e-06,0.00020519213552331884,0.00016538667735778388,0.0007950107483904985,0.0007521595251000083,0.0016424302712718687,-0.0003825167771385199,-0.00045411425478056246,0.0,0.0002726792054984,0.00042664212025796534,0.0003574792250380678,0.00034371266540898624,0.0003453895446172639,9.930566950460594e-05,-1.7910021519176367e-05,-0.0002321673504056094,-0.00034306897511327266,0.00046161460810323243,-0.00015868310704659876,1.1683326472478178e-05,-0.0001650849737151339,0.00028471630376860556,5.0356897156214604e-06
0.0008135016140519487,0.0001094943998694985,5.186816147227515e-05,0.0002553539277786087,2.6718341374643964e-05,0.0007281354174375752,0.0005827775449529988,0.0017277744073005486,-0.00040525886137307413,0.0003281847991931227,0.0,0.0002519176190994827,0.00046042403914205637,0.0002492054167240287,0.00042038233627914593,0.00036952886192160277,3.9913577474708876e-05,3.5572412415617876e-05,-0.0002832488863037833,-0.0002713915724158738,0.0004912262669465704,-0.00011429731670633635,-7.496566201973823e-05,-0.00011943488208157649,0.00018769640987104056,-1.677000913243251e-05
0.0009534459089863854,-6.193191263482111e-05,-1.801004905519882e-05,0.0002504193583870193,1.2116539997856455e-05,0.000840882286243925,0.000563080645925778,0.0014218201599336567,-0.0005225820522787752,-0.000404271087744494,0.0,7.165289668036132e-05,0.00040973899485721553,0.0003508234668232206,0.00037449265074592994,0.00030768470618353766,-0.00012219710677454116,0.00010217243646059858,-7.290309672415934e-05,-0.00026764644792346976,0.0003635517971995087,-9.217011706075872e-05,-7.322943244643517e-05,-0.00018452366241433193,0.00023077113625082657,1.6029252952839466e-05
0.000910537560603412,7.705363724059715e-05,0.00013418560110708028,0.00019074938697665988,-5.3823737014570375e-05,0.0008160535278939222,0.0005405602157426173,0.0015322472716257321,-0.00045964666567632664,0.00017203578782530826,0.0,9.746937332043226e-05,0.0004227610921537326,0.00018106006204425903,0.00038722970180129823,0.00047645594977983055,-0.00023284721145332802,-1.4165804923173825e-05,-0.00027390137448416016,-0.00017214777799115586,0.000160537740924251,2.6432360422668944e-05,-7.233435245743507e-05,-5.298843741617365e-05,6.99611727658204e-05,-4.992953073884697e-06
0.0009460005341967247,7.949168793751194e-06,3.401630727378335e-05,8.942149502403306e-05,-4.644435843498262e-05,0.0007905577749761139,0.0005522791939492601,0.001367642792900491,-0.00046246605220569514,-0.00016687046048030222,0.0,0.0001294459009995915,0.00040830989809841544,0.0002054863444798508,0.0003931538019742841,0.00023380541597410614,-0.00025658660060291815,2.2908959451649187e-05,-0.0001292906149649065,-0.0002338693557053504,0.000146842619431304,2.1660241808713602e-05,-7.590022089521315e-05,-0.00010259234633499581,0.000202864361968095,-3.6209909062946344e-05
0.0010832025776576733,-3.148730975463156e-05,2.2460135649914592e-05,6.980611063915906e-05,-6.893046723615449e-05,0.0007686180842391946,0.0006941805200800908,0.0014074759858330858,-0.000587061965166308,-9.127715081489825e-06,0.0,0.00013500137777686593,0.0003739226951190478,0.00017318831110494948,0.00038971708809031,0.00015265621777933624,-0.0001390094011684954,0.0001576258142188661,-0.00012350113374030047,-0.0002505759900979493,0.00010192287746857506,-1.8795824174284675e-05,-3.10703188228079e-05,-8.336248273697583e-05,0.00017223553821509147,-6.170794600234349e-05
0.000764946730421455,-6.820633027247502e-05,1.332189924882329e-05,3.667108359231891e-06,-8.41592153143348e-05,0.0007597351361850544,0.000579096835086695,0.001193848302521122,-0.0006589645487870807,-0.0006637682596656385,0.0,7.463779294401577e-06,0.0003954520612859355,9.944832459073722e-05,0.0003475556484524799,0.0003182718178570116,-0.000304269127899612,0.00020360235520318476,-0.00011564632147860448,-0.00028097869208209875,0.00010491433106841544,-0.00014238507456819805,-3.7549213771931176e-05,-4.329688296015864e-05,0.00012017244790653342,-4.8714608704676116e-05
0.0008497385566166011,-5.0086391187222014e-05,5.5980055592884614e-05,9.171323752815397e-05,-3.283934145918224e-05,0.0006584026779666846,0.0002436199384809735,0.0020756282562971236,-0.00039339425465568384,0.000645848029697263,0.0,-0.00011376447727636396,0.00043617166269875515,0.0002783210047271907,0.0006388127352884565,0.00026525400722044525,0.0009143984808511278,0.0002501796624556565,0.00020625364118819641,-0.000242319172227023,0.0004599263949773968,-0.00013027335561114554,4.2136022352462564e-05,4.1981570845101694e-05,0.00023299309457491373,-4.483328790863688e-05
0.0008730700211333761,-7.732102882578903e-05,-9.659535844642428e-07,3.465828291972234e-05,-0.0001141269967407161,0.0007316600565906711,0.00012161773225543067,0.0017191189279984428,-0.0004475952446499245,-0.00017960972538242438,0.0,-1.6759082039674516e-05,0.0003311999840468182,0.00019577910024368617,0.0006116243253632547,0.00018111218798068208,0.0014974581377268776,0.00014473318340509322,9.42032306165519e-05,-0.00029486654749550105,0.0005521219851700941,8.733429757429064e-05,0.00022049345182029636,3.0821372700329984e-05,0.00033385029068528884,-4.1169934242426156e-05
0.0007421767737535206,-0.0003593413698189384,5.928705095838257e-05,0.00020929849435371615,8.310868705135207e-05,0.0008407841732008713,0.00023486304728464292,0.001569904803982446,-0.0003769207092497738,-0.0006267749465205635,0.0,8.607266643005873e-05,4.933057418991699e-05,0.0003220548950108427,0.0003780664817515881,0.00017124621290904885,0.002245854718728503,0.00036417196748039744,0.0027478720087260764,-0.00028967862193978795,-0.0012211200934396501,5.4495856065796104e-05,0.00020200537629150116,-0.0002951920018961082,0.0005703329028774131,0.00012896131054986824
0.0009419709006346861,-3.217840765224028e-05,6.044324455763325e-05,0.00017227853817208032,4.809837071825162e-05,0.0009820327400785424,0.0004700141251948823,0.0019493343568243832,-0.0004180423022787105,-0.00012197272144437668,0.0,0.00010198495127265776,0.00017965882212513673,0.0002258693063821898,0.00048589066309595596,0.0001183015609897108,0.0009097550578363935,0.00011154875453565227,0.00035999106931268416,-0.00033954344365179974,-0.0006738633640499999,-9.416646994170375e-06,4.764082434324258e-05,-0.00036823736971352156,0.0005098722015338064,5.043438247034415e-05
0.0009660847518840214,-6.892505625542317e-05,9.753523714908827e-05,0.00020387322239780818,2.657151931371069e-05,0.0008718593994199382,0.00048147694485707436,0.002019621643123871,-0.00030108449556418286,6.13139239669095e-05,0.0,0.0001301779561734379,0.00019992560079830883,0.00018078680196024187,0.0005297464280705572,8.717017095018351e-05,0.0007720091261097339,8.919864286034437e-05,0.000342545185936355,-0.00038077936077395746,-0.0006989360920167534,-5.882003208286688e-07,5.389799677529635e-05,-0.00034688968876190934,0.0004569250629741251,6.384231194684539e-05
0.0009486056803277047,-5.705425277003059e-05,0.00013249457085600457,0.0002759010498391846,2.1621080183436478e-05,0.0008778671959210755,0.00046427414474105294,0.0019736426684162176,-0.00034536826651131847,-0.0001557690643973167,0.0,0.00012933638789287065,0.0001711431999545364,0.00017909169858736242,0.0005040690857923183,8.917233893727559e-05,0.0008276648707078129,9.403635294264652e-05,0.0003790402018757984,-0.00033472866957756376,-0.0005536220459917504,-1.417586053126133e-05,8.627123467347838e-05,-0.00030596976712145437,0.0004335410980184562,5.109970728836119e-05
0.0011191649650836792,-9.168431835607524e-05,0.0001060578098524848,0.0003439352910607305,5.643962869158593e-05,0.0010168907512322085,0.00044040254826516927,0.002021451551936607,-0.00042068206210717956,1.3280984023353156e-05,0.0,0.00011282464930217811,0.00016514618282860894,0.00017921619254491556,0.0010456755121839407,0.0001266821926271924,0.00046461015564265654,-7.429130274504737e-05,0.0002688167464787165,-0.0005580706103185609,-0.001183004158133936,-3.0155866364610175e-05,0.00048605020920871835,-0.0003385865255848065,0.0003424729074591984,2.924403321407578e-05
0.0010536893856860035,-0.00011683159023465911,8.386289464543208e-05,0.0003763456403445429,-1.820861303598482e-05,0.0009449140276401613,0.0002576696737257903,0.002186268079979301,-0.00040938816960442816,-0.00020572228834069123,0.0,9.754813891887197e-05,0.00017182491133091202,0.00020728349255136444,0.0009379376529496104,0.00014668427050072095,0.0006343629124246444,-5.995740613954861e-05,-4.545652162950222e-05,-0.00038170041281795686,-0.0006729105512702973,-6.865363984389809e-05,0.00042838678982835815,-0.0003472689674864913,0.0004265545768069751,7.630212978291493e-05
0.0009770616319691716,-1.765414728260422e-05,0.00012099964616841916,0.00015389186322405904,4.245902870621955e-05,0.0012957155550199643,0.0005989499981123879,0.001487287771295177,-0.0004869177974402446,0.00012513208212087644,0.0,-0.0002343627456409792,0.0003641741553779799,0.0002386118940980696,0.0008563746315863191,0.0002095311555548816,0.0001873526353484745,-9.410718468218096e-06,-0.0003128884468158212,-0.00031085953878758163,-0.000834350351521329,1.2291118998775538e-05,0.0010301258848688824,-0.0003076884748039518,0.00024720346727158746,6.468544555350954e-05
0.0011196384390820076,-4.682241764166434e-05,-2.1735565056192975e-05,0.00027278122929243225,-0.00013852239237253252,0.0007456553413309014,0.00040609662483835765,0.0009937088993032886,-0.00028273899982930137,-0.0001390739139832517,0.0,-0.00013441408512897024,0.0002650141568574162,-0.0003336965890347412,3.0847613379169677e-06,0.00018434253067437328,-0.0005250575183852843,-8.741303736408472e-05,-0.0010182290926121745,-0.00022681129172688095,-0.000788967991435711,-9.964394450279913e-05,-0.0002608382210534511,-0.0002771549386093284,0.00023517085547785098,-4.0989461838682745e-05
0.0010462575714245547,-7.659925108155068e-05,9.620524125211218e-06,0.00023915011672576372,-3.294356633740985e-05,0.000792008953773427,0.00032197464475388986,0.0011172418713150877,-0.0004365532318591656,-0.0006513410938965166,0.0,0.0001281872121494467,0.00026320566663372383,-0.00044007041827089376,0.0001146083261203768,0.00026249696521020075,-0.0005634240098168041,-0.00010723379588812935,-0.0007302294907824001,-0.00012277031986710794,-0.0007532919605369671,-0.0002934568885728843,0.0002642717776880659,-0.00017601513371373628,0.00023969140212039012,-3.398023678011449e-05
0.0011793925520854898,-3.400631258239372e-05,4.1600051557478015e-05,0.0002097783964246201,2.0393690436721053e-05,0.0006006075105620592,0.0003392771715730936,0.0010956387907469821,-0.00057187910577667,-0.00016703851665108554,0.0,0.00021022431967415107,0.00018564437217978656,-0.00038968089725801766,6.189167966129917e-08,0.00018901678648221396,-0.0004141725289776998,-9.083379950866265e-05,-0.0003623617988640596,-0.0002123577442481249,0.0005125263566111897,-0.0002840482256080388,0.00024358406490228226,-0.00023258076948312877,0.000246234429276429,4.062163005111975e-06
0.001025641744786764,8.99038048957562e-05,5.97347810828152e-05,0.00017759738017079547,5.096787092361241e-05,0.0006398349462792282,0.00033761683995846536,0.0013633133282331025,-0.00033416566797098124,0.0006861050599467589,0.0,0.00014178653181271962,0.00023528138459684742,-0.00029385135267946417,0.0002853925285638033,0.0003836724290872624,-0.0003918882591985903,-6.122137672697531e-05,-0.000248036943681824,-0.00018568327654539798,0.00020106026720793086,-0.0002926850743956338,0.00019594033183250657,-4.770644761150228e-05,0.00010717696360285841,-5.344752306516421e-06
0.0010769725130570643,-4.300777062139561e-05,3.965508465973657e-05,8.744035128891764e-05,-2.8821554347508673e-05,0.0007935944699375602,0.0005716909229556236,0.0010216458153037733,-0.000501991996945142,-0.0005446629166012535,0.0,-0.00026668677257598466,0.00032913568335406814,-0.0003400361824963657,0.00010084410559339351,0.000378923451926829,-0.00018801877653364893,0.0003177323106933816,-0.0002557656106700964,-0.00031263246701828805,0.00012423699046692493,-0.00018468595682587287,0.00011146704644012817,-5.64024353035271e-06,0.00024320417274113635,4.654093996015572e-05
0.0009161198390180196,0.00014970952527374793,-2.5733733229771963e-06,9.699922136235233e-05,-1.420878018647284e-05,0.000659995577597969,0.0005971434251420267,0.001567246259977207,-0.0005510558941885417,0.0004290608462936319,0.0,-0.00039955026852936864,0.00023814623680234938,-0.0003652875252080037,0.00024056226970864042,0.00040974129275716945,-0.00037074406462637787,0.0003144897007937179,0.0002213999751729663,-0.000175567924555326,0.00013221986794620985,-1.1141751392761229e-05,0.00015299304349481073,1.1777103186356684e-05,0.0002353814295000676,-3.404318050375641e-05
0.0007365743900429358,-0.00011633045357736538,-2.006915880066479e-05,-5.459176796397895e-05,-3.3671947322612e-05,0.0007297501479437979,0.0005114063506611999,0.0009486683488345016,-0.0005781494442431835,-0.0006553495862751609,0.0,-0.0005061723254560475,0.0002922673321698917,-0.0003329692286307438,8.554129025489454e-05,0.0003520629674831879,-0.00016826684320597792,0.00033290943841372974,5.182665870894676e-05,-0.0002892050924189494,0.00013688415729591312,-5.8873631978942957e-05,6.224948733821092e-05,-6.693597206258541e-05,0.0002480378655021063,-2.9907555084343314e-05
0.0009082026636510083,-7.94672147478848e-05,8.932628157285008e-05,-2.943643162536755e-06,-6.934944832548394e-05,0.000930530867688514,0.0005874536480730129,0.0013122154009271524,-0.0005393283434341532,-0.0001372630387218299,0.0,-0.0005905204345624655,0.0003911346486186628,0.0001717194137144389,0.0002000252216102603,0.00033191964898455774,1.7280312509947547e-05,0.0001458330733309953,-0.0001318764067829343,-0.0003314541337872079,0.00014690843529770338,2.012738451349707e-05,0.0001241507691848717,-1.7108180855926226e-05,0.0002862389177165642,-1.0738387102403324e-05
0.0007979693089022535,-0.0001245684588594265,8.933209918388793e-05,0.00011173496634223359,-1.1939606406000311e-05,0.0008350828707374575,0.0002480727938785556,0.0018025639901380608,-0.0006825234617316468,5.022340109735022e-05,0.0,-0.0002254292714642046,0.00033651553149009213,0.00023802199889987885,0.0004788559172401464,0.00014558823881490084,0.0012590349937787273,9.288218431413463e-05,0.00013006224634235498,-0.0003073776246394772,0.0003149095373191932,-0.0001563498570331896,0.00012769248222791713,3.363796676140845e-05,0.00041725664259826845,-5.07045741328458e-05
0.0010237572038559895,-0.0001124157269431773,7.660052621682652e-05,2.846995889837827e-05,-0.00010668268274748822,0.0010108477560872107,0.0006499099208448452,0.0013565584685557945,-0.0005733928496063613,-0.00012660140328594105,0.0,-0.00020239855417094032,0.000412102751722271,0.0002641385051248148,0.00023995682860371767,0.00023798334093959268,-0.0002462330028702964,0.00018192157360119376,4.043193015413862e-05,-0.0003478000070144784,0.00010104266971198772,4.892449663294153e-05,0.0001419325498331155,-5.8138176860141764e-05,0.00030592925405243694,1.3872211039110228e-05
0.0004995914438457755,-0.00015659244257022197,6.787670883167617e-05,0.00016345838192501083,-2.946565188100712e-05,0.0006982456562056149,0.00025602789940745897,0.0020466308506225162,-0.0004700050244014589,-0.00015693160254199275,0.0,-0.0008405342697493979,0.0003358778477860749,0.00021714661223694155,0.0005175007306044408,4.073066235588167e-05,0.0011655094977543743,-3.2606603723533425e-05,0.00011135241383080929,-0.00020738114814220575,0.00027374309752125513,-9.916493416857534e-05,0.00010540196863418265,-0.00016704236791461645,0.00037234776883057964,-3.8533315546190684e-05
0.0006386857448241902,-0.00017923094920519532,5.663074269189623e-05,0.00013539552335291806,-4.28101002602488e-05,0.0006379295877155351,0.00022950116846936477,0.002179986403001863,-0.0005325175041392359,-0.00011694490911386543,0.0,-0.00037650119976349546,0.00042335615938472374,0.0002698270475450545,0.000442768090384266,0.00014591395347190504,0.0013360414748919303,1.8328533877343004e-05,-0.0006322355321761302,-0.0002855874547283142,0.0004206142585974496,-0.0001951423831592877,-9.625813752598834e-05,-0.00022842094518721464,0.0004312682540348716,-3.833208802912772e-05
0.0008858331198095003,-0.0002990353308537873,6.854116251984823e-05,0.0001832103530358145,-0.0003067609638212132,0.0006768735105248583,0.00027833256650543436,0.0015157641722615164,-0.00025051867625781817,-0.0006118766957544729,0.0,-0.00010165657025312053,0.0002079596119001897,0.00018668297450387506,0.0003937254038800617,0.0001871510069850605,0.0023003254456425417,0.0002102887729128673,0.0020632861904648346,-0.00026408717976183615,-0.0014040903678161356,-5.428173156652877e-05,0.00014698597529097838,-0.0002471327013647228,0.00047520857480013394,7.137929064063074e-05
0.0009843201735640157,-5.873516558767253e-05,9.986140849890919e-05,0.00013421278719860514,-2.261743825947915e-05,0.0008074737473979805,0.0002999841642714302,0.001860759740721575,-0.000460923108052945,0.00022803131655575867,0.0,-3.119365562975382e-05,0.0003519602967554658,0.00023197691691181918,0.0004122572049318198,0.00010805585157241317,0.0011948482430095145,5.942725245468639e-05,7.825171677577153e-05,-0.00027137491600834254,-0.0002692786485916141,-4.7760173507387945e-05,0.00010314760594174825,-0.00034163838506517095,0.0005107462635516527,4.248432220199236e-05
0.0009844055546111585,-3.7613786791674584e-05,8.92187434794091e-05,0.00011781562877888716,-3.120192613561136e-05,0.0010856501824899828,0.00041535794994367005,0.001744347865250734,-0.0003115695761325811,0.0004924146722742056,0.0,-0.00022711046070485134,0.00034059590220457636,0.00028831154804945133,0.0010313161062777505,0.0001339404274319585,0.0004979793029128726,-5.6223541233493455e-05,0.00025376730216692805,-0.0003186594179560154,-0.0008655378095728081,-2.997016431868147e-05,0.0009741781616448163,-0.0002510746605816763,0.0004424233989877565,-1.7464539688085102e-05
0.0011520861850706082,6.878477766688028e-05,5.158644858937203e-05,0.00011224930528237829,0.0001268151726867438,0.0008283540439183532,0.00030066825187653734,0.001231400788456908,-0.0003895552357876554,-6.451630510239408e-05,0.0,-0.00017541784025412046,0.0004918908277014223,0.0005654462989212541,0.00011632914808099558,0.0002793804065818086,-0.0020840090046866434,0.00013299603128472391,-0.00153243403753165,-0.00019558562928066758,0.00014515689141996371,1.8106821551695332e-05,0.0006186786716238616,-3.510426723058091e-05,0.0002663833470391847,4.895373350452571e-05
0.0006360677271804576,8.405881611060027e-05,4.442045827940275e-05,0.00010393545144758956,0.0001742142794699043,0.0007944935996473792,0.00019779216640434865,0.0013392522655921088,-0.00013668363876743464,1.2208067105677459e-05,0.0,-0.00012477734592252596,0.0002491074917323799,0.00023867514341145227,0.00034841240376540337,0.00014649511719239396,0.002406450169484746,0.0004484304368816553,0.0020380594538235938,-0.00025342594620637377,-0.001101357548098721,0.0003679873389940601,0.00046796991192666194,-0.0002053140431570421,0.0005854392443312027,0.00014921527490196652
0.0007632319539339133,1.851609930204948e-05,8.042840976475741e-05,0.00014791228344210284,-6.951968502506076e-05,0.0009101852527901003,0.0004042936109053084,0.0016895181997350754,-0.00010038021849882029,0.0004756633288423749,0.0,-0.0007294498261519322,0.00032130317045445415,0.00023168657069690983,0.0005557241033590531,0.00017771263398786726,0.0009685758447302793,0.00011873564834988982,0.0001292817335306262,-0.00025956745733541297,-0.0009505157145847146,-1.1793289790366852e-05,0.00047483751329500603,-0.0002362778539976349,0.0004135364671813044,8.925028474596433e-05
0.0009017639813802672,7.5910356680869226e-06,1.8532592632589986e-05,6.956145970384806e-05,-6.458520662985336e-05,0.0009900119863064303,0.0003508468946879143,0.0017472894437269766,-9.521903468327047e-05,-6.193353950444765e-05,0.0,-0.0005336655973070567,0.0002916370288344264,0.00017856195362614145,0.00040103537084755134,7.368515419569522e-05,0.0007239051290891743,2.38203877341028e-05,8.96779155033782e-05,-0.0002936297989890615,-0.0007487298697959883,-7.964182377298755e-05,0.0005097892030903324,-0.0002802360893288977,0.000371446720572527,-6.219382477329359e-05
0.0008516556256596647,2.4442007142435356e-05,-5.9732857366936774e-05,4.05259538116288e-05,-0.00016879005131290094,0.0007122683102431898,0.000363260350924966,0.001600331446648257,-0.00018494715905525294,-0.00012359363082794386,0.0,-0.0005498190256325117,0.00025955436257257055,-4.715600968959431e-06,0.00040864029637299905,5.30044688651621e-05,0.0009124932578827221,2.769615885378079e-05,0.00014273567265917192,-0.00027011278239969693,-0.0010665807851411861,-8.26829508595083e-05,0.0005100726538738739,-0.00021778835022063012,0.00041718511008789245,-7.317087653263798e-05
0.0009750149963636273,1.415340516198646e-05,-9.288621611401581e-05,4.111153382100581e-05,-0.00017085809369409856,0.0007094537635802978,0.0005668111451219926,0.001366646677522363,-0.0002229988446297172,1.5544135319630734e-05,0.0,9.479915741038326e-05,0.0003201957754800175,-0.00045225557715011653,0.0003738979135001552,5.307719845774613e-05,-0.00010791112646900017,3.2136913845978137e-05,-6.95480856749375e-05,-0.00024634901303152045,-0.0005186866221256142,-0.00014252924206072765,0.0004929498358191159,-0.0002496305031590125,0.0003216779437758395,-3.975442405984107e-05
0.0005991886373221015,-0.00019478531395183726,-0.00016620555214039108,-0.00010586768546504862,-0.0001614514042469139,0.0007146689209476957,0.0002955568582962395,0.0015022521071477518,-0.0003128119628717681,-0.0005716864012622839,0.0,-0.00010009060730409009,5.588689039918184e-05,-0.00042422591696393536,0.00026897492752534635,0.0001542722899789264,0.0015232594111908699,-0.0001164295855805854,-0.00040787731276681295,-0.00019383679054013465,-0.000936572125305279,-0.00018348339761749776,0.0003417306449747159,-0.00018042390245450075,0.0002647446014408202,-0.00010259516650096897
0.0005179155134122935,0.0001524450109940003,-0.00018123480694436396,-0.00025368449811112543,-0.00013880563327039411,0.0006032931616211986,0.0005975264662233227,0.0011562081272946433,9.974052861370288e-05,0.00022933571353240788,0.0,-0.00019017249857938444,0.0003175288881288397,-0.000253339094391015,0.0004758558714012277,0.00045608936009349345,-0.0001252503728760008,2.7477853081925394e-05,-0.0001340487331293963,-0.00012555826601135127,-0.0005344896636390307,-0.00019566888104376659,0.0005513652245549974,-0.0002612528633431251,0.0001861391856555528,-7.994554669157849e-05
0.0007082151006530412,0.00020283078002492362,-0.00015046557333056699,-0.00030121627067665235,-0.00013432553544914403,0.0005766649277264923,0.0003458927546422282,0.001066406576887372,7.870475816644875e-05,0.0003066822296333342,0.0,-0.00011577514354457657,0.00031919761170503473,-0.00033132172825099465,0.00043021496896412226,0.00024362771965739713,-0.00042221567705801207,-1.5627777898730658e-05,-0.000217539713328651,-0.00015021237719338833,-0.0010690418519577949,-0.00021564122388485665,0.0004651716491981139,-0.00027420780488634784,0.00019865590626407241,-9.594565965800424e-05
0.0007440869259518044,-5.107536699482442e-05,-8.947923998199183e-05,-0.00021159287327452008,6.694786498114327e-06,0.0005947354271015685,0.0004053113916087975,0.0006971871794127207,-0.00010977565653759855,-0.0007856821994763355,0.0,-0.00021935515520374205,0.00023689372261907228,-0.00017744170243177884,0.00028034507825693884,0.0003592345161201729,-0.0003442680836083714,0.0002547928369308527,-0.0003726572498103769,-0.00024390476324244616,0.0006408230497698049,-0.00020816360201901936,0.0003884946171797647,-0.0001841513738303727,0.00013896297771865575,-9.914800157887514e-06
0.0007505882424540445,-6.306315946643347e-05,-0.00024123019638360577,-0.0002860092399668493,-0.00016644759608931754,0.0008082219149302908,0.0005345399221372897,0.0010543966839745332,-6.757605447565388e-05,-0.00018595996894963372,0.0,-0.00016695416671654893,0.00027780411784141825,0.00013138009234106983,0.0004116516057206455,0.0002905853761821742,-0.0002613797204841631,0.00023556677865293677,-0.00041475115582029806,-0.00030890689776705754,0.00019623025717524698,-0.00012013676133957635,-9.124333952126972e-05,-0.00039123050895549446,0.00012002939907353856,-3.818803252686959e-05
0.0007385587715438243,-9.169696047709777e-05,3.6556552238337274e-05,-0.00028188100949498417,-0.00014398245793898008,0.0008630782662961752,0.000710568505633357,0.001618657016382069,-0.0001669990769525549,-9.921433358299975e-05,0.0,6.153402359440228e-08,0.00035143298978176934,0.0003029771486336851,0.0005761001735092259,0.00031498910405729767,-0.00027066375480673863,0.000332713333606571,-6.31430294488887e-05,-0.00034850070440368335,0.0004950388229063961,-2.245396343497015e-05,-2.033006486107999e-05,-0.00032053895300043636,0.0003297504985156503,-7.440932386426739e-06
0.0006616427744034548,-0.00013728792784507176,3.172059661216308e-05,-0.00016064619269894005,2.4501167560639986e-05,0.0008946649181306046,0.0006030489086343528,0.001533254969931882,-0.00044640162486841523,-0.0006029309749438133,0.0,-0.00013440243879676533,0.00035885844749457507,0.00018927707629722384,0.00045689477095868264,0.0003571703968729999,-5.806335065474835e-05,0.00022879662521489474,-7.658072435086995e-05,-0.0002965869675214897,0.00032797330072962367,-0.00022240693650831973,-6.659695875629725e-05,-0.0002660083922069749,0.00024792127635015957,-6.505129116005425e-05
0.0008527927478579441,-0.0001782729715854298,0.00010282507943488526,-8.623171352605304e-05,-6.362600953643242e-05,0.0007735464668523621,0.0005886911479817666,0.0011439520052863468,-0.0006581788637202657,-0.0006003959246808206,0.0,-8.254329595100448e-05,0.0001778525553451951,-0.0003744781016649651,0.00035806130487730234,0.0003007949288927141,-0.0001846826231154246,0.00017435606083298483,-0.00020281636412008587,-0.00020562911180786,0.00015868781714556816,-0.00029606120422938224,-4.017054027817469e-05,-0.0001641008054262351,0.00017373333982214986,8.535551527029058e-06
0.001024450854263871,-0.00020643958368793798,0.00014597566980484582,3.0343407998459803e-05,3.791271380299517e-05,0.0007051118263776027,0.000606298456029851,0.0012788569917956355,-0.0006408321972077784,-0.00010586766375289632,0.0,3.7493651176028804e-05,0.00019081312282624225,-0.00025298405414873393,0.00026721656104427833,0.00020963128363791006,-0.00011079480321766905,0.00012930331321815664,-0.00014309688577203954,-0.0002435875470442524,0.00015883449471569655,-0.00016396581660657245,-1.968149558081891e-05,-0.0001041818536105975,0.00027454776114181845,8.955579681133444e-06
0.0010452454548656798,-0.00026642793143084257,0.00012167950988747946,0.00010436652640480554,-0.00045391426724272657,0.0006008862788301518,0.0004208293047796644,0.0012391612307215475,-0.0006029378224680222,-0.00013326927281189353,0.0,-4.4080680596051086e-05,0.0002535804167366606,-0.0005168594248568105,0.00033377581210633506,0.0003759202658036654,-0.00016518659469201097,2.0786264061997875e-05,-0.0001463284699368862,-0.00025247191079313014,0.0001031968919005368,-0.00020931593808137482,-3.58333396669559e-05,-0.00010990754006986153,0.00019274412753886254,3.06330328809987e-05
0.0010652488941088661,-0.00014629309777240874,0.00015413225852577248,0.00017824524323874525,-0.000529563677943069,0.0006793434157808187,0.0005540461850034639,0.0012518036807442233,-0.0006183715455166905,7.071114750020245e-05,0.0,3.220386041750454e-05,0.00027497866697119886,-0.00046930587579527007,0.0004952628015103434,0.0003468577232310055,-0.00042275927296088207,0.00011616331372262543,-0.0001922692379872318,-0.00027628515435067534,0.00025743966506350604,6.961774955949566e-05,-3.7244041961043504e-05,1.9073987369315562e-05,0.0001254752703971632,9.967199685441912e-05
0.001032908255396452,-0.0001356417986663663,0.00011312849528441213,0.0001757343271062725,-0.00040269985053755295,0.000655238428646058,0.00043268297607677284,0.0011013623219044114,-0.0007044500167795144,9.610097150794819e-05,0.0,3.9965028648125465e-05,0.000278545539139482,-0.0004104060572979156,0.00038139492480770217,0.00040972744804315816,-0.000234411505954163,0.00037521907781270185,-6.6167568206142e-05,-0.00030094761147418035,0.00022795651866379117,4.857592124088566e-05,-4.0868233041509e-05,-7.966274760776196e-07,0.00020064776718066763,5.78976384771273e-05
0.0008964996895617502,-0.00025175031675453414,0.00019592032113957206,5.2113151467055594e-05,-0.00047616956200086775,0.0007416666232807416,0.0005721703196808628,0.0012706791314764693,-0.0005428078476909349,-0.0007625862650021428,0.0,-0.00015622098815239126,0.00031835036219470626,-0.00025304979011836877,0.00024707908551826633,0.00029350031249705973,4.2149434898388195e-05,0.0003211393519818084,-1.3297177594412881e-05,-0.00033005878102285,0.00011332790910340845,9.61685412632481e-05,-3.5156775622078635e-05,8.829248214496479e-06,0.00017189330020230697,1.534507586786323e-05
0.0010532266094898282,-0.00044005490571895177,0.00014691675869986116,0.00016192798803461405,-0.000503770030009711,0.0006736228812133128,0.0005070578709336658,0.001255732336461136,-0.0005431264808835737,-0.0001619814753552541,0.0,-4.280921438168125e-06,0.00023740026866124266,-0.0002171176370321389,0.0002349711356468607,0.00018157316361182272,-0.00014798321170368447,0.0003923434731630714,0.00020069900409798154,-0.00036949126628601803,0.00016358508684797673,-1.6244986646247188e-05,-1.232463438302523e-05,-4.504350013187313e-05,0.00017976171236318755,2.0543829078306943e-05
0.0009675425347823282,-0.0002793872219989987,0.0001982704474704616,0.00017181705208252444,-0.0004430297298227647,0.0007381585921944003,0.0004762257202267444,0.001186883905931106,-0.0006122687462046925,0.00015340625877840523,0.0,4.465037202400946e-05,0.00023751098234400025,-0.0002540488251499415,0.0004473148843952217,0.00019040736197754987,9.338735515093728e-05,0.00043757013529441865,9.624308609475492e-06,-0.00034704858886277584,0.0002042191790136871,2.9876719307808246e-05,1.1770386618654975e-05,3.065324102206733e-05,0.00012571848124368073,1.171137765603709e-05
0.0009034705586800325,-0.00013401237917398928,0.0002809554904198346,0.0002153108432106431,2.476454613185869e-05,0.0009911860698330163,0.0006743052051421892,0.0015146659373179929,-0.0005815822258899099,0.0003832350551034879,0.0,0.00010373935010940752,0.0002836327679382005,0.0002909895177230135,0.0007316135640996668,0.00019671303045076642,-0.0002516211676154463,0.000589415983491414,0.000431165298156912,-0.00027892463848416745,0.00020342763802493063,-8.07578138759146e-05,1.4313430571264645e-05,3.5691959952150172e-06,0.00026771179293635775,-1.2990442313627591e-05
0.0008220216310005782,-0.00023615538098970158,-7.478924128252654e-06,0.00012674142521023756,-7.808007132751782e-05,0.0008583787444571677,0.0003904324656869451,0.0018344628256971786,-0.0004337139970019738,-0.0001590879707779443,0.0,0.00011811706334153812,0.0004600544792842583,0.0002562840270829129,0.0006533277303557797,8.098585962339135e-05,0.0010432847805933116,0.0002837390707492135,-9.302932684742058e-05,-0.0003435471787883557,0.0002713662473875441,0.00016571102988046645,8.011390035871504e-05,9.710365020438902e-05,0.00028378703955900123,-6.419479158157442e-05
0.0009430850196106918,-0.00011710587104634979,0.00013237571366781772,0.00018674015051846295,-0.00018668648578048347,0.0009449255177361671,0.000550202350819379,0.0018908428898338039,-0.0006426915731171023,0.0006143443039780636,0.0,4.192748351492917e-05,0.0002904651061346707,0.00024120826932899116,0.0008112298189368345,0.000125205045572286,-0.00020728208371858777,0.0006367957150640257,0.00022760774111218755,-0.00031355613892649145,0.00011934107294392696,3.0592051410262747e-05,-6.997646707955001e-07,3.262799714520679e-05,0.000166866018977931,2.3783082781850188e-05
0.0007281262854152113,-0.00011205175127911818,1.3449238254275429e-05,0.0001531453576298314,-4.844666399262188e-05,0.0011648388050256194,0.0005085432276109204,0.0020143217313320933,-0.0005378583735628126,0.0007039526713822389,0.0,-1.3612512290951514e-05,0.00039070848558139993,0.00019097259606146394,0.0009595443882463592,0.00011602413025919576,-0.00014050514044623203,0.0005047560829925429,1.4869862106882635e-05,-0.0003488274577323614,0.00033888744889453153,-8.364786883358545e-06,-3.18601042127398e-05,8.026986570253605e-05,0.0001715665633988757,-4.0832059298066665e-05
0.000872862434179317,-0.00010133211138886394,6.86511920820984e-05,0.00020654322882039718,-6.052175884853321e-05,0.00103701018679017,0.0004942269594075771,0.0016730889746770356,-0.0006115113528570333,-8.263903583245645e-05,0.0,2.3306032455046643e-05,0.00038192287598047504,0.00018104164777556916,0.0008266038384179159,0.00014185306118781856,-0.000231112770672806,0.000600573404866362,0.000273958104457997,-0.00035135737176843765,0.00038965086171346356,-4.3200565516725936e-05,-3.3879546280003125e-05,4.8336667371989166e-05,0.00020001079016676346,3.7349404769491976e-05
0.0007340324134634003,-0.0001416932232778245,7.726346190920424e-05,0.00018896056482340556,-0.0001865371271495135,0.0011239869371149108,0.00031003471969031667,0.001803137257331489,-0.0006381297177304113,-0.00011051067028533475,0.0,-3.829876850133615e-06,0.0004314213411513216,0.0001761001537715436,0.0007044007907074911,6.890195384574059e-05,-0.0002365863404905576,0.0003467739689737589,-0.0003527582907315383,-0.00036060291979275673,0.0005255505845330469,-2.3885589951327757e-06,-2.94910688184009e-05,3.2961214151978816e-05,8.14946624157789e-05,2.4690781012376627e-05
0.0010505645292449837,-7.847473462517177e-06,-4.2590908583348974e-06,0.00014323100203479492,-2.924020310203899e-05,0.0012733921325919538,0.0006955739649145187,0.001956557240650168,-0.000581308659448109,0.0006633360994591877,0.0,4.125021160500594e-05,0.0005237645353236854,0.00030787883418048357,0.001568211300771027,0.00017485410049057886,-0.00014708153802483068,0.0003817569245554847,0.0004322147544494697,-0.0003056715717124138,0.0007281743094008878,8.849709612552715e-05,0.0018252124056688762,5.107915757241938e-05,0.0002402585204450144,-9.282385048372866e-06
0.0013505864395185578,-1.578691292285732e-05,2.2722640884756557e-05,0.00015232800113108098,-4.843214898924486e-05,0.0012773090967583762,0.0002966117625587122,0.0017530115515851947,-0.0006369898612819356,-0.00017552012215963462,0.0,0.00011673135272896605,0.0004529428855496263,0.0002523474337074581,0.0015737592218310681,0.00015723991387333626,-0.00016612207173031862,0.00024301910252878277,0.000359794172588359,-0.00032201160120118815,0.0003482116947498735,0.00037017566716196525,0.0011918434541218156,-2.6417927420545923e-05,0.00028151703318140604,8.505149632388486e-06
0.0010043885608744102,1.2014011795818197e-05,0.00020329583306916404,0.0002169588645365363,-3.083679494600224e-05,0.0008105201216493453,0.0004509563289997556,0.001601026954880613,-0.000740916748951112,4.113216386699794e-05,0.0,9.529950794135599e-05,0.0006320580669250729,0.00020805501066952726,0.0005300614597570457,8.668615965601012e-05,-0.0002625591539191762,0.0004005660214542119,-0.00013253543799741934,-0.00041411771503336686,0.0006385625691403126,0.00012425165571898806,3.577158096834483e-05,0.00010367055353706822,0.00020161391132710304,7.803636496865105e-05
0.0011381720528279647,5.373290769494955e-05,0.0001258728507350058,0.00010225197945698598,6.77011097257083e-05,0.0007700321555211926,0.0003621493118533128,0.0016105942774909787,-0.0006872988074018778,0.0006446465600957778,0.0,0.0002455885529936544,0.0006248621454480883,3.379082687402294e-05,0.00030556120819792704,0.0003352963212973713,-0.0031203450146643375,0.00018225817147245305,-0.0019361706720360718,-0.00024993731324618224,0.0003821938806350093,-0.0001539828297743773,0.0003158233330004225,3.512315178891744e-05,0.0001656030030129446,5.878432487427986e-05
0.0008642300846372964,-4.537584400105864e-05,0.0002743696869503722,0.00020761165942033863,7.88049594935026e-05,0.0009887489800246973,0.0005305708445312043,0.0014667137726900082,-0.0008031029158580529,-0.000175808888963805,0.0,8.825499688118077e-05,0.0004456474716777327,0.0001868856833068284,0.0004315374104531695,4.665946715217316e-05,2.1048479443946294e-05,0.00042496435603882327,-4.0166307232465964e-05,-0.00043293666815091174,0.00045103401066774995,-0.00014419606273811063,0.00022497301342973218,9.32559124603574e-05,0.00019369643871288098,6.994705526838344e-05
0.0010500249742676623,-0.00014480940650314113,0.00017852656133785313,0.00022709238626390812,-7.022784708778105e-05,0.0009621684878909259,0.0007308069830312203,0.001599004670665209,-0.000783373377831601,-0.0006157075805754685,0.0,5.409367765154315e-05,0.0005123481164105503,0.00022006743126410495,0.0005471139726202383,0.0001595150689186073,-0.00017597605899535339,0.0003448391967191047,-0.00018728914004598814,-0.0003735771995145171,0.0003171559249376769,-0.0001740679416687375,0.0002512270069538487,6.392715755953825e-05,8.470142902719791e-05,4.622268809706873e-05
0.0009563094654017787,-5.58842832728337e-05,0.00027666649988487423,0.00021476445858238343,-3.546683955433266e-05,0.0011083426056621222,0.000502635885049225,0.0016201817368006214,-0.0007067102555310705,-8.725374971919237e-05,0.0,0.00019617681834585666,0.00043620196965872527,0.00028586593038258966,0.0005161079102014576,1.2533007815474504e-06,0.00010628108723617063,0.0004174251046050101,-1.7748704843297182e-05,-0.00039841018126425196,0.00025044439071472506,-0.00015867122539190906,0.00028809124135984723,7.592859432772162e-05,0.0001538380202511797,9.052180060625732e-05
0.001039964784386148,-8.596402490391281e-05,0.00023590629694271968,0.0002734437528076679,-0.00013258704393033933,0.0008671434910803357,0.0005134037472691195,0.001521359201457227,-0.0008603884520634012,-0.00012442881839143797,0.0,-8.362896697035743e-06,0.0004794755389443959,0.00019086084885805343,0.0005189493429417701,3.94108738963797e-05,-0.00022970304790444454,0.00042783545518063315,-9.421101828870047e-05,-0.000391858430430071,0.0001576399882373911,-0.00024145126991146463,0.00027406571693782794,6.662468588322016e-05,0.00013749632776959215,5.3718902298462166e-05
0.001316958018516946,3.870123873495511e-05,0.00013008343038959936,0.00017477567481366313,4.883141479743614e-05,0.0008583648729824912,0.000407579239465465,0.0016489255410302346,-0.0007115276464869522,0.00042591144567389623,0.0,7.670255792794969e-05,0.0006231531648738243,0.0004889479520043323,0.0003007719643481686,0.00028835994056337515,-0.002933293333321834,0.00010293697391209284,-0.001716570262080504,-0.00022712836472798867,3.4228750460138285e-05,-0.00010447549142514189,0.0003195443429403688,-1.848364248820568e-05,0.00015437563014737398,4.270228096949731e-05
0.0007675800735529209,-8.375787801198551e-05,8.318777791503596e-05,7.716708208163557e-05,-6.387832268888375e-05,0.000722228026403922,0.0002168398576224349,0.0019826324386272923,-0.0005158227166046864,-0.0001206632274688999,0.0,9.448204692470393e-06,0.0003830399541204223,0.0003965304699135245,0.0007700871188887232,2.5047990450580766e-05,0.001509443709777774,0.00026415631323416857,-0.0004766735746208161,-0.00038827977700323346,0.0002813422606469362,-0.00012275134868079614,0.0002844200212621902,4.5024376608059e-05,0.00035821850945953504,5.5956039664645725e-05
0.0008209296671199709,-0.00020669092842759982,9.280402467832753e-05,5.626784709642778e-05,-4.7334156852845414e-05,0.0008555380449097349,0.00016924585579510036,0.0019163025799762753,-0.0006343216276201284,-0.00044324799734798883,0.0,-6.04183087976258e-05,0.0004090072603726917,0.000191943300723444,0.0006622669548038081,8.041086619230885e-05,0.0012490855559405356,0.00022358935028960372,-0.000260611567472201,-0.00038295314678746717,0.00024615692091928623,-0.0001354876888887527,0.0002676098965052938,4.953868368497153e-05,0.00029272784633078264,5.242047334082295e-05
0.0009106291054286017,-6.429115632728456e-05,0.0002525376146581323,0.00016753524643452417,-6.764552359151034e-05,0.0008932928151715046,0.0005905072992953245,0.001768941329512043,-0.0007404536528464175,0.000375979212441782,0.0,0.00011378081094495236,0.00033480966157245414,0.0001390043095590884,0.0005543456400219929,0.0001830505197754141,-0.0004362086060084701,0.0005647116787641896,0.00010411643849701634,-0.0003341842428615076,5.347233850889791e-05,7.2747646944323386e-06,0.00027548744814797667,-4.724103960336366e-05,0.0001514630104733673,9.181595656036629e-05
0.0009005245822684518,-9.80383590134126e-06,0.00014347853096012772,0.00017118608483540415,-7.7194604207386e-05,0.0010257519845930743,0.0005341181865947976,0.0017727025017588193,-0.0006942437920967355,-0.00013012049412493482,0.0,-1.61122064090293e-05,0.0003495342758336778,0.00021652970835074368,0.0007306707875298525,0.00010207637240976933,-0.00023624860513768827,0.0004882857531876893,0.0003146334562996962,-0.00044948060941189154,0.00011915554370208003,2.74840524789873e-05,0.00027199540751061794,-2.418181804883585e-05,0.00022756863609629444,0.00011239862685085523
0.0008668605873898713,-5.022910412228159e-05,0.0001222316462402023,0.00013933509908007277,-0.00010245118957600185,0.0011010050783778022,0.0005689034569850394,0.0018483826665084805,-0.0006526683287177636,7.211991453340359e-05,0.0,8.557351426921082e-06,0.0003479019562273896,0.00011175334306354992,0.0007526828822846213,1.0539135673162907e-05,-0.00015045700040193147,0.0005982308424896359,0.00027513849464345594,-0.0004803480542578658,0.0006785510915767,-5.74771731801737e-06,0.0002967437022098799,-6.41490515539112e-06,0.00022506475881328022,8.175543064781802e-05
0.00097858172175296,1.1477519700718357e-06,0.00016978156327751733,0.00015540647118389683,-8.588826272512113e-05,0.001075526741643191,0.0005812787338333764,0.0016437556212522948,-0.0005909862027558896,0.0002270278465965188,0.0,7.61064075492166e-05,0.00036698924792256883,9.698162422019631e-05,0.00064420643126289,3.2825192378577375e-05,-0.0003674688671614595,0.0006287313660491498,0.00029410070014475326,-0.00042684827217245196,0.0006423839078544136,1.0491115429735345e-05,0.0003156339439927326,-2.3329117425947797e-05,0.00026636269121477023,9.375770040239424e-05
0.0010300088037182278,9.389090691855285e-06,0.00016549909727466775,9.756058809073439e-05,-0.000141727936134987,0.0011195532733044172,0.0004999191220032838,0.0016693208426059442,-0.0006385216865829813,-0.00011791365278939621,0.0,0.00010850305564710226,0.0003853009719231428,7.850049877765204e-05,0.0007467949841019123,5.45484601289632e-05,-0.0003035116960441812,0.0005200187521204545,0.00022867764402241422,-0.00040968882670285576,0.0005433315115468819,-6.488469569920241e-05,0.0002818126447072463,-2.3263134802495776e-05,0.0002751922146427636,6.855202804039165e-05
0.0011249022535183442,-0.00018447558156269812,0.00019823494494581172,9.73594924449895e-05,-9.432563892171336e-05,0.001097417895789515,0.0005536924068814962,0.0013794650582992893,-0.0007721288125312831,-0.0005436458690393218,0.0,1.2744338485473969e-05,0.00043266681029191116,0.00010767914489106603,0.0004926406067679667,0.00011022459867225736,-5.2892993584379026e-05,0.0003233481420309324,-6.179886565852299e-05,-0.0004360523723476288,0.0005599271195798779,-0.00015387824462233466,0.0002176470857528782,3.294723942490403e-05,0.0002210327399325767,7.036372824069689e-05
0.0008359273492860261,-0.00023323539854950358,0.0001475217296113574,5.281427945325892e-05,4.316169113003124e-05,0.0007757893971548344,0.00012968880098249928,0.0021199862174059794,-0.00043497610084613776,-0.0001287379186314978,0.0,-3.441344539820102e-05,0.00036103273025923596,8.801603442336287e-05,0.0008002715046974353,-6.400762636795224e-05,0.0009395228904825478,0.0004494272785654583,-4.094502740484969e-05,-0.0004267969739642568,0.00018935111222603972,-8.642425449917259e-05,0.00018174525900675179,0.00014193208261162647,0.000303562596727524,8.000627532005706e-05
0.0012615182073873943,-0.0001416939006489797,0.00013645460053760976,0.00010597128441557405,-6.675785196958251e-05,0.0012653469476680617,0.0005851288860150536,0.0017766668401946503,-0.0005847789833111492,-0.00023079649339103445,0.0,-0.0001879901235298241,0.00041120393041389785,0.00013273609215087794,0.0012077381885961518,2.2721172791926344e-05,-0.0001388779875705133,0.0001420213262648297,0.00018467884841168598,-0.0005358873330321871,-0.0011291424439171575,4.343624035855359e-05,0.0008185320497464873,-2.201001168723377e-05,0.00013511076748108842,-2.544835154924921e-05
0.0012676704365940697,-0.00021547035029601146,0.00012549984366384706,0.00013103019264996144,7.799393568246998e-05,0.0008327909553706572,0.00040912121941860473,0.0015153242437652235,-0.0007082246845680816,0.00024016971439224088,0.0,-3.1901265797237476e-05,0.0006340142468501396,0.0004166699670717392,0.00027977472727057676,0.00020236485029528407,-0.0029684910778910068,0.00020992693893914427,-0.0016833229416058212,-0.0002838443854851485,0.00021692113188228495,-0.00014828052732337855,0.00032126487056658484,0.00010109910437541948,0.0001653469420231813,6.376730918289527e-05
0.001163963878020877,-0.0001759109989622132,0.00018689905082421842,0.0001317797481724417,-3.89989564204242e-05,0.0011121773509266575,0.0006695450889114181,0.0018355986614646477,-0.00035148124475828336,-6.5000491868068e-05,0.0,8.195051514961861e-05,0.00025253217429558374,9.803403618064706e-05,0.0010295340051353504,-1.2784258653058776e-05,-7.152665344398576e-05,0.0005504320095649739,0.00028590655150931727,-0.00043648386398982336,0.0006686009203665316,-0.00016998873910474574,0.0002775599061823273,2.347565374481112e-06,0.00025329814069713737,6.462704870020805e-05
0.0009591903213404852,-0.00017181998513051173,0.00012834170142966218,6.838416895970751e-05,3.999653767310661e-05,0.0007196160124977919,0.00024291958288297005,0.0019354634924538296,-0.00037926988431424326,-0.00010023151720039443,0.0,-0.0001173362777040838,0.0003912370651658747,0.0001960163767775852,0.0008545298805872887,-0.00010276372254299308,0.0009575704013298384,0.00043750031187899,0.00024944350725322837,-0.0004673471076602771,0.00045811487029206685,-0.00010727867488504703,0.00021351325903534499,0.00012196406177327826,0.00023240114551779072,-2.0760169791544927e-05
0.001132143016284898,-0.00023114428274738456,0.00025305478896766584,0.00016544590116584343,3.1275666683257016e-05,0.0010341582638721924,0.0005901149647193441,0.0014338704606942684,-0.0007207163047445094,-0.0003417985263229706,0.0,-4.7965472064767334e-05,0.0003733615295786458,0.00013830155601672866,0.0006690456626141083,3.3603919411941054e-05,-0.00019378476218137217,0.00033834870123112377,0.00012286329906484948,-0.0003962675140780919,0.000532726081543013,-9.382379964870619e-05,0.0001996172542700073,2.7011609987062125e-05,0.00017998516410468708,9.82824784072231e-05
0.001208656940183215,-0.0003350237955798626,0.00014729856350485668,0.0001564298322810267,-6.54505238162097e-05,0.0011288471583137361,0.0007135447655223365,0.0018286038092314772,-0.000509651958656221,-9.516891932386537e-05,0.0,3.456882718361872e-06,0.0003074345522647077,0.00021007200257894273,0.000679556493516591,-4.2221853363544414e-05,-0.0002251471157562042,0.000417844004206437,0.00012057139761924608,-0.0003916523597908463,0.00046531683947669217,-8.992303678457643e-05,0.000227766494110969,5.9609855931951073e-05,0.00017187145819640276,4.358854905042135e-06
0.001124621696933583,-0.0002629545964578878,0.00019114279600886486,0.00016852086166276126,-6.45997314958947e-05,0.0010354816341666402,0.0004975677706723083,0.0014838796167448466,-0.0006411409645200446,6.191939615055577e-05,0.0,-0.00010390107489216228,0.00037247612039402895,0.00017918104174622002,0.0006177148626933742,-5.643158689944792e-05,-7.80006519394346e-05,0.000392158646245045,-3.4133075573186645e-05,-0.000398029336393139,0.00045911599445995623,-0.0001430710086920948,0.0002255634726413071,5.4156275679017715e-05,0.00020267209960821966,2.2371913952107724e-05
0.0012631460454285435,-0.0003672051769579645,0.0001266643363932022,0.00019955695747851305,0.0001382453813668739,0.0008933910529380534,0.0003383803709926464,0.0013937414208680862,-0.0008745859325831995,-6.726466645770381e-05,0.0,-0.00010325604216313689,0.00046903204417047634,0.0005501982526100392,0.0003053077876658369,2.16725561112752e-06,-0.00034064310787018545,0.00042882753838116913,-0.0004946305323141715,-0.00032142987904791934,0.00041340355942707797,-3.1740499864196196e-05,0.0002799536797304889,7.044097112506743e-05,7.706984080596846e-05,8.776887934390142e-05
0.0013547728643487822,-0.00024750675555602246,9.626135767752665e-05,0.00023771185201028788,0.00014761156028347705,0.0010839945208336976,0.0003614736947066231,0.0014039776190133211,-0.0007433502589152078,-9.923062637179892e-05,0.0,0.00011967216197604541,0.00041403110183916485,0.0005831550801772696,0.00036416937080873156,9.179216336596104e-05,-0.00037140204781752225,0.0003373371528793555,-0.00042635523762929385,-0.00029912644564980475,0.00035400488335263485,9.173031319906155e-05,0.0002849115518119638,0.00010768325191433736,0.00011034046738850682,3.591366286197048e-05
0.001281753232052263,-0.0003233788893667765,0.00017030594117772846,0.0002814467688547379,9.447282508822043e-05,0.0010092673253223141,0.0003830465478662303,0.0015478702263834558,-0.0007668435210244728,-0.0001100071725601468,0.0,8.606936152356378e-05,0.00039172692438870085,0.0003860207859053878,0.00048594402104072643,0.00020886599384422496,-0.00030381474878168397,0.0004364079760351737,-0.00019537272226474354,-0.0003646211059938259,0.0002926320945693354,7.043303196824649e-05,0.00028724136839114835,9.019210582083753e-05,0.00011692489597598199,5.688001539876578e-05
0.0011356223611347098,-0.0003701813810243489,0.00019251936316480687,0.00025911583424447176,8.908527215944994e-05,0.0010032445605017387,0.0005029139667292855,0.0015894893183959846,-0.0006462135011069705,-2.977458253248522e-05,0.0,7.048047424221279e-05,0.00043091068295681584,0.000238170555310876,0.00056349523434347,0.00033283026455880184,-5.6975166378421425e-05,0.00042335707854930906,-0.00011767453666816978,-0.0004265104945204464,0.00034814577648795093,3.473227571103669e-05,0.0003344723866830239,7.065918031213926e-05,0.00025683452149329115,5.9415212938034324e-05
0.001277163300044898,-0.0006198150371032971,0.00015521899750852512,0.000225254556793416,4.127307146491952e-05,0.00078463809857935,0.0006814363136455871,0.0017290969975920162,-0.0009273223490867747,-0.0003850208283053028,0.0,3.242049638971817e-05,0.0004435788711563989,0.00025060843722031473,0.0004643615679612554,0.00017346563828971617,1.1117604429528037e-05,0.0003911916818969639,-0.00011076197209524831,-0.000414718819830108,0.00030779844692750165,-3.591094885318627e-05,5.539764345265386e-05,4.823238358183144e-05,0.0001959936714025917,2.4473458089328664e-05
0.0010021317087565305,-0.0010704899472637253,0.00017408739857881577,0.00016927028861176414,4.9701633914612836e-05,0.0007752486446945616,0.0005713529980013643,0.0010029288794116576,-0.00337547174390477,-0.00010243740327039843,0.0,2.537034138208375e-05,0.0001465973728149267,0.0002833870405352101,0.0004932740589799382,0.00019864135696764666,-8.06504397296514e-05,0.00043209195283783647,-0.0001333885577455811,-0.0003666079185487093,0.00029617354203631145,-1.2597376608409813e-06,3.263860871307766e-05,4.232565303208274e-05,0.00019830492771903173,1.4227957797046156e-05
0.0010373934702447949,-0.0014257492871033795,7.722241156652844e-05,0.00010846717068706598,4.381810668094214e-05,0.0011015629512250826,0.0007102138934067765,0.0007665683147853172,-0.008299776339386906,-0.0001260323979341314,0.0,-0.0002161307165270788,0.0002384261867969569,0.000177649998142531,0.0011649661658718665,-9.763087953752494e-05,-0.0004398316722166538,0.00048437468197152903,0.00023049982919333138,-0.000314038496636099,0.00021785184855567142,-5.252262138029098e-05,-3.604667577392542e-05,-0.00010096272327606484,3.5252916414157654e-05,-0.000253419105077185
0.0009718224410591742,-0.00016965488121284536,9.849189551297912e-05,0.0001259309137027492,6.711454495008526e-05,0.0012327043664658462,0.0008133105826018955,0.0012866562438910844,-0.008127744221518053,0.0004907723346103801,0.0,-1.9756410934015587e-05,0.0003867166142169386,0.00014371715390585127,0.0008102966573147941,-5.166874716970537e-06,-0.0002872281411013404,0.0003286575555563884,-0.00027356187887839076,-0.0004108815866692792,0.0002009012534472067,-8.818073386510753e-05,-3.853018044557406e-05,-1.524001355853119e-05,7.388327201544127e-05,-0.00022316355915764292
0.0008711838716452603,-0.000362845024289388,9.518560054756832e-05,8.736960967055614e-05,3.527514559916222e-05,0.001208000115899125,0.0008304622824884933,0.0007512606422582144,-0.007555278267378035,-8.789842477731572e-05,0.0,-7.60486303639502e-05,0.0003515366079448149,0.00018621411846048822,0.0011334199041896317,-8.925756163001957e-05,-0.00019629860197029015,0.00036913998918974454,0.00022310935561191322,-0.0003973344196940845,0.00020200074171653864,-0.00012778067941422147,-3.575100795262608e-05,-5.1877934915933467e-05,7.857587683963452e-05,-0.00035070269380071625
0.0010984845139966999,-0.00010190165991873253,0.0001480282900115943,0.00014758022325101253,0.00010530171103003768,0.001214216962512217,0.0007366524658639879,0.0007918086813768881,-0.007924437573367957,6.737105273107767e-05,0.0,-8.063396157596554e-05,0.00039542415163951915,0.00020824745977735562,0.0009801546657420808,6.0024613753352205e-05,-0.000367063050282638,0.0003559113403520253,-0.00023537334147886118,-0.00047406868411054915,0.0002258560153492993,-0.0001941960152123423,1.8667871130134638e-06,1.6100495828662963e-05,-6.858795778708041e-06,-0.00031282746877714005
0.0010323327323034973,-6.811348510978823e-05,0.0001624296304536264,0.000109658898128649,9.59459139491896e-05,0.0011423085175783906,0.0008305356605871252,0.0008772314905353,-0.007814974330885124,-7.284754892031509e-05,0.0,-0.0002552336485158606,0.00039194170546667247,0.00016854242852965183,0.0010284693350002536,-5.035246338496196e-06,-0.00030131912644226826,0.0003819094085577478,2.598097551276856e-05,-0.0004975140038534945,0.0002682973285601377,-0.0001289067470335871,-4.8297666846803425e-06,1.2636785060774654e-06,-3.235101448325621e-05,-0.00021065709641408434
0.0006932320123956892,-0.00010979854809207377,-1.3787715401530078e-05,7.725880427668061e-05,0.00021928861110003133,0.0006162824425920362,0.00034240213380482947,0.001015034046165568,-0.003215760574176466,-4.045953300963002e-05,0.0,6.66333440563826e-05,0.00033766128691467063,0.00020758308648866062,0.0006742462182651593,-0.0003262001212569937,0.000968372038427806,0.000353109123797752,0.0008861648082017336,-0.00033968911951723753,0.00019246829034814706,-0.0002801550162400476,-8.485619312793153e-06,5.7676254484560494e-05,-0.00015712989734534315,-0.00016796188052747892
0.00040122452830321866,-0.0011379157988714212,0.00010120919725157822,5.258862982551116e-05,0.00018582122958628238,0.001192334291984114,0.0007033824148600454,0.0005231321210848309,-0.007835661622539205,-0.0004948472029141083,0.0,-0.0002036319825188879,0.00043984279026113666,0.0001221573794324508,0.0007489775058695175,2.3495341382956945e-05,-0.00016206635343392553,0.000336930887470348,-0.00012515286431870302,-0.00032742143806982515,0.0001708464721753609,4.952849664955943e-05,7.144714034014521e-07,3.5831192514265315e-05,-1.4612935994980261e-05,-0.0003894743151364135
0.00037849913925864327,-0.0010637741994281383,8.733075385883406e-05,0.00013663302853911483,0.00013855611774818533,0.0011792319198501136,0.000591759219006121,0.0004376900685831991,-0.007674891786449169,-0.00010229480163966068,0.0,-0.00021323216032412428,0.0004893607569707206,9.696522120936654e-05,0.0008396803886672238,-4.717094701895252e-05,-0.0002842513391365343,-4.736459026907932e-05,-0.00011055332940360056,-0.000398705478021393,0.00014324073862322995,-3.1965211254996344e-08,-3.1486951053154344e-05,2.1624428016907448e-05,-4.1883536775125025e-05,-0.00027696688752195726
0.00038114846780015006,-0.0011458415832202975,0.00012118709535452757,0.00012557178325542888,0.0001255919470238479,0.001277480776281854,0.0007521175567424614,0.0005343937562342484,-0.007748756018546886,-7.3741118741032e-05,0.0,-0.0002021788964300587,0.00043906529573444484,0.00013720553770316346,0.0009425994492746583,-4.558874282721479e-05,-0.00014293875288694922,0.0003561223483096513,2.0920500734870956e-05,-0.0003844154082027576,0.00016202610212820185,4.218162234667695e-05,-2.113217024654299e-05,1.2954861560394755e-05,-4.202979853653569e-05,-0.00036287411320656566
4.978911627225201e-05,-0.0018912188758182433,1.8367387323758284e-05,7.073274310529714e-05,5.017951748669931e-05,0.0012903465256976156,0.0006351218986787593,0.0009461517053673764,-0.0070471842911354905,-0.00025919284122840296,0.0,-0.0004300391914462179,0.00046116267822140106,8.401952754146141e-05,0.0014994116213762857,-5.334899748905746e-05,-0.0003587329251469434,0.00011112679001548271,-0.00040058165329770663,-0.000352069695837483,0.0005531790063359123,7.272666448432193e-05,0.001296154929183377,-2.0591337852477206e-05,-0.00012504599174652093,-0.00041368956084335626
4.7012884010045365e-05,-0.002030421598012282,2.7606153101260686e-05,0.00012901457974503697,2.721693134851156e-05,0.0012672788280820879,0.0005809099071140842,0.0004578185680709158,-0.007145416721335706,-9.267231207258825e-05,0.0,-0.0003355803718989943,0.00039482706950283875,-0.0002374654026561864,0.0017630407627070683,-0.00010765712101688507,-0.00041178741485354637,0.00029544808652800006,0.0002544016582455521,-0.00030124822437071195,0.0005181996420697468,6.358178816535674e-05,0.0014255338938907478,-3.116106791913317e-05,-6.125264622572418e-05,-0.00031986454923851854
4.674360850850088e-05,-0.0023315566786584778,5.303056681908082e-05,0.00011892495681330425,-4.5120158120798385e-05,0.0012058265959218291,0.0006655220673319333,0.00057279775506168,-0.007178923110223946,-0.00013596093258821227,0.0,-0.0003030501040929335,0.000441058973818743,-0.000171000455820034,0.0017568832911395388,-3.5674804727120136e-05,-0.0002221373874029942,0.00032170717054732086,0.00013628330990500694,-0.00026341866631671574,0.000586184642134958,7.85484976870056e-05,0.0014406022764273702,-6.95376988630102e-06,-6.941219394672557e-05,-0.00033779425363442286
0.00010781347400275597,-0.0012824498184884846,-3.622978588749707e-05,9.219719988336371e-05,7.626080615531574e-05,0.0009614130323534764,3.0888137112964794e-05,0.0005260356172700718,-0.007490544541661791,-6.219955958420165e-05,0.0,-0.0002475532977946379,0.00032532623959492194,-0.0002732270546104976,0.0014330177549394425,-8.889185420166047e-05,-0.0003089182948892636,-2.7457220733680518e-05,-0.00026416400148879384,-0.00030275907022243187,0.000614427005163373,0.0001314556237875096,0.0016161888690381914,6.284718518752993e-05,-6.366516779260206e-05,-0.000228788525342235
0.0002636863212379686,-0.0010711742722756563,4.054140145598534e-06,-4.2929325962965246e-05,0.00023301777655986594,0.0006502756773551854,-0.0001286221001280942,0.00023041518838745476,-0.006127945829408531,-7.1451326434855815e-06,0.0,-0.00015323667055209506,0.0002553405348149303,-0.00025357358267516804,0.0006170310087634948,-9.124944794402957e-05,-0.0026934804294570444,-6.024717203742316e-05,-0.0012942766580005282,-0.00020595226717516713,-8.654722684018918e-05,-0.00011859093987274204,0.00017816554473310713,-1.9581175752111328e-05,-6.33613411281179e-05,-0.0002633256322329268
0.00021504188392899786,-0.0012996406999843438,-0.00013906917222791102,-7.868934397891567e-05,-0.00013179646804876424,0.0008655376091450943,-8.181529870177865e-05,0.0008437560358374928,-0.005872647566589861,-6.84442257182553e-05,0.0,-0.00020256314615896373,0.0001906680158612085,0.00014243288946192624,0.0009378633778813734,-6.365927344758296e-05,0.0014671551675525568,0.00019123720209806932,0.0014646578770547822,-0.0002964651568192194,0.00044570748313576793,-0.00032059389371483997,0.00037150972913231687,0.00020416805208724767,-0.00022224008349632226,-0.00018648077139475573
0.0001526633738420618,-0.001545396301021202,-9.261131323727211e-05,0.00011609534368458575,5.2924707837095344e-05,0.0010213635653308912,0.0001487346841944281,0.0005986709258914071,-0.008042569164068899,-0.0003392525439960195,0.0,-0.0003622727696148333,0.00012136775362363807,7.178631454736155e-05,0.0007952453091029782,-0.00023817624632403164,-0.00023359375712933713,0.0003759711823151754,9.564908985819127e-05,-0.0003374104362328367,0.0002914081763782439,-0.00016555718501671046,0.00014314466396632238,-9.322144472865213e-06,-0.00014450218842742725,-0.0002557223774238931
0.0002958794719159608,-0.001015304248892937,1.5913554621228963e-05,0.00012202618162932477,6.649282906151524e-05,0.00047680500869351337,-8.56182341564888e-05,0.002018495374589129,-0.001214228528569766,0.000312961537731735,0.0,-0.00019689150566446772,0.00012109458771879685,0.00026419964526649774,0.0004730394583319642,-0.00015850773658188618,0.0015956692813498272,0.00033821194044765946,-0.0010481207755756309,-0.00033127960415969615,0.0005481728744783063,-4.276451124732208e-05,0.00023080365025887983,0.00019623995210349548,8.359471494802e-05,-0.00018973805092339392
0.0001870490347755416,-0.00029895656656594457,2.423007302881878e-05,8.776399585584602e-05,-2.277887270797911e-05,0.0007586101027569722,-8.02241278997108e-05,0.0011582520648141486,-0.0006046560816895645,0.0006855676163691912,0.0,-6.710854592899905e-05,0.00017211564382488804,0.00038131695506563864,0.00033642240032322353,-0.00012189184710182533,-0.00029930646965510647,0.00022960946897168332,-0.00041510998993519164,-0.00019548392285033205,0.00040282161325834264,-7.477284443833934e-05,0.000394866278390038,0.00021451751692198276,0.0001767736188280107,-0.00021883574663769223
0.001316747560714534,1.216990715990053e-05,0.0001841300731127035,0.00017937038486379062,4.3232130026975104e-05,0.0005779887551191058,-4.0838447887036233e-05,0.001243441968965752,-0.0005195577042014118,0.0003918436661940916,0.0,7.741928574281912e-05,0.00028838302090528463,0.00020740885651211226,0.00040818975750846003,-4.065825365950368e-05,-0.00042920067258969214,0.00037059138100529484,-0.00023146576487298416,-0.00016385134193200958,0.0001469335417230462,-0.0001287271205342313,0.00037146952782881557,7.735137836043861e-05,0.00013536722302284136,-0.00015012134445848525
0.0007391882628588262,-4.795474240707397e-05,0.000228163593352648,0.00023238125812824475,2.6414629144313054e-05,0.0007091779185347379,0.00015589053523817344,0.0010598720284925374,-0.0006221972100812475,-7.583983159184712e-05,0.0,1.6264827763149988e-05,-1.3329654994069935e-05,0.0002449913445987915,0.0004814292344364856,-0.00018830557320882643,-0.0003467220096871504,0.0003659273036582595,-0.0002572311766426156,-0.00031503443798288716,0.00015565646478633776,-7.673090153428121e-05,0.00038216387027100287,0.00019867612837356683,0.00014657737653276585,-3.456812059790733e-05
0.0011747671351767352,-3.385452191012453e-05,0.00023211949682837353,0.00021606029215988262,1.4942714498703182e-05,0.0007320231853735033,0.0002233457685573065,0.0011108711955938105,-0.0005743787547684541,0.0005764331304087646,0.0,0.0001257125048582883,0.0002593947376130754,7.313197094240586e-05,0.0005952952924522586,-1.895866990746929e-06,0.0001870230068213282,0.0004980250283625721,-7.052523392512429e-05,-0.0004533244565292883,0.0001645797465910051,-8.595343333150475e-05,0.00035191623677654425,0.00011592330338422269,0.00020587595938217936,4.097144417125623e-05
0.0009128954248739874,-1.9948548727428583e-05,0.00027751761433487737,0.00023774393500690483,6.43485180852947e-05,0.0007859675765600319,0.00023964874288993882,0.000919079206233739,-0.0007012588129376857,-8.781434840062105e-05,0.0,8.146497171722051e-05,-0.0001535884361495545,4.420482749620551e-05,0.0004375925952398767,-4.004563006151387e-05,0.00010146692877274888,0.0005033605327837652,-0.0001150220319813687,-0.0005025876058230014,0.00013282890414390843,-0.00011033513817701865,0.00031989833404593424,0.00010930317052788177,0.00016497901848397593,7.049458635120307e-05
0.0010689213881960454,5.867282261416567e-06,0.0002740789599560488,0.0002577809947304337,0.00015913180591881028,0.0005371752612801767,5.417722066680978e-05,0.0008962158247875302,-0.0006329519573665889,1.190240742308668e-05,0.0,-1.7363540690372747e-05,-0.00016202070299969011,0.00010281791831627613,0.0003096572787514905,-0.00011958719123414074,-0.0002904945614826118,0.0005332733082622812,-0.00021027200844459331,-0.000397095776678534,0.00017913690477612957,-0.00011578524709168521,0.0003485573600615783,0.00020671935989381195,0.0001973069225878046,4.820447104852478e-05
0.0010177512561025887,-2.6700914546923152e-05,0.00037765808011366804,0.00019322286957884532,7.120888081436693e-05,0.0009584020203052573,0.0002694383495549361,0.0008895661795756267,-0.0006742051955201611,-9.718898795488909e-05,0.0,-1.5002727637123418e-05,-0.00015871946980060864,6.315293735773018e-05,0.000327616173274851,-7.869053291480271e-05,0.0001422471730284011,0.00045424153098327306,-0.00013233360791846852,-0.0004539823159204754,0.00019970171125613758,-0.00012341051413105946,-7.541015570596799e-05,8.957704823571973e-05,0.00020188199566166683,0.00012638703656284552
0.0013088724366857114,4.7327988357884355e-05,0.00016463313931616195,7.697678161869608e-05,3.973282935231613e-05,0.0006983264048674322,6.988228968863428e-05,0.0008704189355960549,-0.0007227104555322307,-0.0001426896000587589,0.0,2.309263967506136e-05,0.0002800121790871224,0.00013259818847934736,0.0003291776005189085,-3.575493588753141e-05,-0.0030201298302460957,0.00013788367030255388,-0.0018264323225884748,-0.00016910050900585235,5.7349348318119406e-05,-0.00013744321254311864,0.00028384138712748573,0.00018530897537708058,7.968675920189888e-05,9.354797924291994e-05
0.001065425282728186,2.7115683206955542e-05,0.0003233343297726906,0.00029138230751489205,7.573260615981368e-05,0.0008539964926993272,0.00019119589929443952,0.0008595165690513097,-0.0005819618067363212,-6.778268618941029e-05,0.0,-5.4391898998889087e-05,0.00011915763965316836,0.00032087058827709247,0.0007832439313650916,-7.28500656357152e-05,1.878024049120286e-05,0.0005024265817845182,0.0002900904916645729,-0.0004562979954643916,0.00019526707379514762,-6.445951384671808e-05,0.0003559076203911424,0.00011025718716307148,0.0003381255777971707,0.00015410373297404853
0.0010423508171802816,4.425554425381391e-05,0.0002260769343466284,0.00016133206172493515,0.0001689870090393057,0.0007323378519812349,-0.00012361080764538464,0.0018958851381729014,-0.0006265860929120771,0.0005812573862914514,0.0,0.000113521943732164,0.0002086652829152237,0.0002791429447399232,0.0006115718934581746,3.2516469568561604e-05,0.0005826837686158733,0.0003555091326127729,-0.0012685912818713306,-0.0003039416970114926,7.299599136797113e-05,-0.00010607786607029035,0.0002722722048849411,-1.8514714153682804e-05,0.0002997489728874077,8.608873489416427e-05
0.0009911930472042594,-4.220993908677591e-05,0.000303007784531582,0.00019510755427555384,0.0001670611828165043,0.0008623033583913981,0.00020551314785575978,0.001104544992651521,-0.0008540459982992825,-0.0004567323989833104,0.0,-2.0236267169753427e-05,0.0002300393148481042,3.9658450865084334e-05,0.0006074877853118625,-5.3784945142563e-05,4.1807024085552835e-05,0.0003148380408946438,3.59249506499694e-05,-0.0004172427964975599,7.350422943707384e-05,-0.00014868878722250892,0.00024732076036432644,5.0776432502266216e-05,0.0002692202345317604,0.00013032462527144678
0.000845273908542455,-6.757604473045311e-05,0.0001751808939188515,9.551300890003772e-05,0.00019981184446045625,0.0006152186989377643,-4.596367260793129e-05,0.0015200869997163064,-0.00041376950336098514,2.265557160585112e-05,0.0,-1.445781013262086e-06,0.000123126791200385,0.00018139807722594402,0.0007291118318678717,-0.00025852687299205026,0.0016146163075145266,0.00027887918611089503,0.0006719167997760593,-8.365641788389753e-05,0.0003832368792716225,-0.0001361478551890306,0.00034369918638360727,0.00021719024448677262,0.00021103889471184507,5.667354026344393e-05
0.00039545066372414204,-0.0001493193551357575,0.00020070249295005906,0.00016487689508752263,-8.390606726257364e-05,0.0009257888859008042,0.00018053169582253538,0.0009734457988705605,-0.0007123706098148845,-0.00023063952764808116,0.0,-5.552913432445119e-05,0.00022435800782136326,-2.7125941328038618e-05,0.0008631213625459295,-0.00024231807463630123,-0.00014457726506339556,0.0005194662584407883,0.00026290307080246614,-0.00034424681574420145,0.00024157708991836784,-0.00020581705436011855,0.00022360311507105157,1.4755641663759179e-05,0.00022841308021665736,0.00013709485118955147
0.0009814399192277928,-0.00013700147999936657,0.00014523942400950174,0.00013420478109658118,4.583416817890594e-05,0.0007515736754070682,0.00010040515139461855,0.0010179533343636544,-0.0006409512060992698,0.00015052895306449956,0.0,-0.00015047619159344993,0.00046386605408126074,0.0003669852281090104,0.0003533402675099767,6.26718480807035e-05,-0.0028701916885985547,0.00012496705075277936,-0.0017585196732281332,-0.00015393939765212338,-9.606147876789241e-05,-4.4159394769231785e-05,0.00035970493582238434,0.0001502761950162574,6.93927988020409e-05,6.709072032063754e-05
0.000672929952063582,-0.00013278452802055127,0.00022130154292132763,0.00021287025209829275,-7.388678019817343e-05,0.0007517573367007363,2.3383070318800685e-05,0.0010217200921406738,-0.000612102438967993,-6.939728842539651e-05,0.0,-8.255174538440801e-05,0.00018067108012723512,-0.00011108764803684129,0.0008779676806893738,-0.00022483002263079898,-0.00042033757314252434,0.0005118064020848319,0.00026836271005134586,-0.00033962975722395773,-3.505059962146106e-05,4.3617222145686475e-05,0.0003512927102519753,7.291478682369058e-05,5.573740754679653e-05,0.00012525597523907326
0.00026085630161390693,-0.0007558856922373061,9.85252251003189e-06,-0.00015153627761210688,0.0002529377803464478,0.0005342431167500646,0.0002537734359408338,0.0013022706872612762,-0.00040187704361493445,-0.00036107310245970387,0.0,-9.243002396975251e-05,0.00012462402228438865,0.00044717187772504743,0.0006774447510800347,-2.6241942184793473e-05,0.001693739533795574,0.000243206815103298,0.0018288752665362425,-0.00025434387662066324,0.00026631577230799825,0.00012224485947510803,0.0005291472613535516,-0.00015686660464520023,0.00015599508427379386,-0.00016139531127126676
0.0009901378145881587,-4.673358210268541e-05,0.00028844481654807894,0.00014095891966640396,-6.382258264246388e-05,0.0006529312691033681,0.0006147660278606547,0.0012652442261121503,-0.0005245705681511243,0.0004191888916951162,0.0,8.343262645405411e-05,0.00017409423438441456,0.00021804768868269187,0.000645903182028628,9.130824040524328e-06,-0.00029866610466617937,0.0007792361430340145,0.0002838816147126152,-0.0002575712433880691,0.000449271522238595,9.657499369682877e-05,0.00027628832248648133,-0.00011098930148301662,0.0002732713625661037,8.282281427250609e-05
0.000777076493781414,-3.897136070371999e-05,0.00010629522157060575,5.5172100127220954e-05,4.8255473809873705e-05,0.0006677582488811823,0.00024415984302733493,0.0015607799396837345,-0.0004531011918858583,-0.00011621404112223722,0.0,5.203437991872628e-05,0.00015565336429364986,0.0002778530975515333,0.0005875773119566046,-0.000180941996905375,0.0014297163337656162,0.0004594417278027368,-0.0003434325852825015,-0.0002539894202854551,0.0008074817700171837,-6.613553850178798e-05,0.0002568692258378249,-0.00010551234372046588,0.00038375683814080737,6.083905003315565e-05
0.0006429981506162413,2.150318907790394e-05,0.00016881065918117737,-1.3563179035924187e-05,5.067152621675349e-07,0.0008455546763977295,0.0002976664246430882,0.0014954236542512123,-0.00036734659019222176,-0.0001418820412638414,0.0,6.229186855316116e-05,5.7138171641632684e-05,8.556479404947825e-05,0.0005245535262438504,-0.00015257408655105798,0.0009178616926399937,0.0003976646649942346,0.0005277596723964127,1.3298226347968823e-05,-0.000843949915380844,-4.7263995483044255e-05,0.00045633779514552073,-7.146368517382344e-05,0.0002909531707450659,6.356721226026806e-06
0.0004607230317497977,-0.0002730371165508992,0.0001325116702366891,-1.3093270118147874e-05,0.00010359498251278397,0.0007492024419418293,0.00034742604640777814,0.0009159596355095797,-0.0006551328434312652,-0.0008635610212040152,0.0,0.00011996316623925629,0.0003657582775425276,0.0002572423825944764,0.00027129783243250643,1.6818999395477176e-05,-0.002852028822134145,0.00016274372792689316,-0.0017843453400257386,-0.0001045082731034507,0.00012028431474592805,1.5359562837640182e-05,0.00024338743237618986,-6.965433653106976e-05,6.060060656337456e-05,-2.767464563762229e-05
0.0005002942965931907,-0.0002721717150463963,0.00013248256474892694,1.253297006286937e-05,0.00014719397898237073,0.0006912820695850414,0.0005019562586215734,0.0009520376508643328,-0.0006724715241741377,-0.00015606238427580199,0.0,0.0001637481339814337,0.00041561414783733707,0.0003910126151616185,0.00028222360484431353,-1.4082855218720865e-05,-0.0029978811581020974,0.00015187398709954586,-0.001988442248436265,-0.00010771203152869766,0.00010359191182234138,-0.00011461181519047031,0.0002868946758530744,-2.0672464607366283e-05,7.004077953183334e-05,4.504002211117545e-05
0.00023334986714619596,-0.00013160358536401214,0.0002107411465244279,0.00013721484634501388,-0.00010313714683050018,0.0008391881076981625,0.00070235410708725,0.0010847307891212355,-0.0004514170431399027,-9.375241799091978e-05,0.0,0.00017022106273872057,0.00011244423480918235,0.0002561582765659624,0.0008339715766508784,-0.00016008288066384532,-0.00017403653829685829,0.0004639178371382499,0.0003630557640135821,-0.00044017032879259193,0.0003679550539820197,-6.565014667530571e-05,0.00037790674560872527,-0.00019649035986080645,0.0002743464357909707,6.631500386549545e-05
-5.463934745962352e-05,-0.0004402576669553146,9.546848912178407e-05,-0.00016533322316002896,-8.82486719931537e-05,0.00047309342318597997,0.00023497882170327392,0.0006686750192135719,-0.000429235120510854,-0.0003317623210735234,0.0,0.0001855196606118663,-6.71542816178843e-05,0.00044810297847091716,-6.639115119389636e-05,-1.044636608362311e-05,0.001191101567799116,0.00028187228496585236,0.010027150029961992,0.0006562953158458028,-4.331626231635944e-05,0.0004816136012866223,0.000894976336789807,-0.0007457932217832903,2.6528208465764535e-05,-0.0002176373826598743
0.0006733081643016685,5.3172472403135787e-05,0.0003168400117049971,0.0001135372861251714,1.065910265205121e-05,0.0007670499434294676,0.0008119213573453861,0.0008206433638505508,-0.00035211406235788947,0.00034072433533113,0.0,1.9472655465138593e-05,0.00018890354515322817,3.264953315399898e-05,0.0005119439559674586,1.2779999012011109e-05,0.0001464908260694076,0.0003394261920998401,-0.00011506792261210659,-0.00029719103212083115,-0.00040751491157238413,-0.00019598303821071868,0.00044678087495853756,-0.0001600401481897753,0.00015467103469489206,7.967018244287163e-05
0.0010102821999675696,6.325492424740744e-05,0.0001662848260775067,0.00010106720925778959,-2.7925078507638857e-05,0.0008671953227292337,0.0006516302509085848,0.001055659397811777,-0.00014741166622879714,5.03139150103581e-05,0.0,0.00012555997696024973,6.838764622037035e-05,-0.00037987087072263086,0.00031196583516316826,-0.00012832977826476478,0.00019535686452942403,0.00032791377461769696,0.0002105502731099385,-0.0003476971339112591,-0.0005028463874940216,-7.876769643090252e-05,0.0005750173249462141,-6.0737812803839396e-05,0.0002867490363994879,3.799195089643465e-05
0.0009031570344465643,2.5167176898079557e-05,0.00023706789709029887,0.0001377699897963345,-4.483046616156332e-05,0.0006025732588852783,0.0004972092998541999,0.0006015438697558334,-0.0006328467486278916,8.657889254919072e-05,0.0,0.0001959845924555631,3.124780061855685e-05,-0.0003356816226317828,0.00046744191940093914,2.1165941801905663e-05,0.0001391435317005,0.0004220261636535876,-0.00019131347496079018,-0.0003113158146882637,0.0004399815624023202,-0.00015750458754086876,0.0003565906630777844,-0.00010367953886846064,0.00015519452336914394,1.6991108358709294e-05
0.0011577098290860147,-5.278096839878416e-05,0.0001341205862118802,0.0001284705404827835,-9.508571104964084e-06,0.00042505730650989543,0.0004251984085711168,0.0004926572515707293,-0.00045477820503454303,-0.0009216837715458285,0.0,-0.00013774631909188603,5.527835889048997e-05,-0.0003578670905311557,0.0003605070190404393,7.804359733054741e-05,-0.0005371238181543026,0.0004125248693487465,-0.0006525037613904895,-2.3325019380651558e-05,0.00048389300229410127,-0.00015345543388002228,0.0004321856797168827,0.00010259550863013091,0.00010166029009352056,-7.464008306439594e-05
0.0011862252164409081,-7.104535319057503e-06,0.0001562081526942981,0.00023477129905010992,5.9185816867351433e-05,0.00037325555995199977,0.00045503797664647717,0.0005980587843887795,-0.00034856475008755223,0.00032834907947331554,0.0,5.5114697225850725e-05,1.9722556915178682e-05,-0.0002804041490766597,0.00031582569791355,6.702816805365017e-05,-0.00035586109592968684,0.00047685363538152307,-0.00028128275382728656,-0.00019731191514507897,0.00022056330062837745,-0.00022425488202427942,0.0005033968936059677,-1.1015610401466636e-05,6.979855403113276e-05,1.9441373502210902e-05
0.0010063679349951206,2.869960314257368e-06,0.0001868063845933243,0.00019526114196395173,-8.143858859999844e-05,0.00045820165925319147,0.0005311784485755273,0.0005700310954292258,-0.00043288756167317587,1.2928549273983221e-05,0.0,-5.146735259058698e-05,-8.78299950682109e-06,-0.0003214461633489723,0.00037807137256345546,5.900453115793258e-05,-0.0004046112929077067,0.00046516184671278714,-0.0002691893197734348,-0.0002924268798212841,0.00020232513599756897,-0.00013353949348067672,0.0004683057875070704,4.377408954375637e-05,4.611283030320732e-05,-1.3338582815014321e-05
0.0010460843666451642,-3.755980214772125e-05,0.00017155203658552332,0.00018058656276372776,-4.229072028608793e-05,0.00043997747865364887,0.0006087601170286539,0.0006621758743475308,-0.00048143022653887184,-0.00023153318993541643,0.0,-9.758698491417073e-05,3.3741432381021545e-05,-0.0003793511741455955,0.00036350126989407515,5.240264963937794e-05,-0.00025765901553228887,0.0004663884148374667,-0.00022045576437656306,-0.00026472559893140046,0.00010567076788434935,-0.00016520212127695255,0.00044176426844654704,3.242744493266769e-05,6.540893479857299e-05,-2.175190149839356e-05
0.0006327973752965162,-0.00010098776285605633,0.00020810942928981973,0.00017767567365948147,-4.110741469278856e-05,0.0004641618279134549,0.0006780699291651726,0.0008764823432881223,-0.00038845544348466827,-0.00012097610396086925,0.0,4.947053995246599e-05,0.00016682469806158595,5.038465121766278e-05,0.000511171360123735,7.62876211787255e-05,-0.00021472001856123564,0.000521681435607239,-0.0001530032612765886,-0.00023729494844196056,0.00015932709178327213,-0.00016803014662884367,-0.00012993186347489942,-0.0001499278585705228,6.150814723975333e-05,2.9053426237701707e-05
0.0008419232223457364,-6.098522559646945e-05,0.00033194760323321276,0.00020345577999629375,-4.5464312785128924e-05,0.0007346287400735484,0.0007618344257493347,0.0010262606332659156,-0.0003145591655359195,2.9610093167332647e-05,0.0,3.391073899005965e-05,0.00015780527526567867,0.00014607493941932908,0.0005536923921067214,3.312595954002152e-05,0.00023552088835486343,0.0005453654212142911,-0.0001423892375241659,-0.00027673729327225765,0.00013339610289924659,-5.636888723934676e-05,-9.69473848665504e-05,-0.00017242114653852144,0.00020623266222522365,7.49448593095716e-05
0.0004644011157738407,-0.00015677399406027523,0.00012979023365148189,0.00011467806523541638,3.200936043662389e-05,0.000677344849908986,0.0003944588106275969,0.001369598044249003,-0.0003900361149702599,-0.00017849006341099977,0.0,6.016041584239838e-05,0.0001869957725864943,0.00014822191096401882,0.0006769208924372854,-9.93044317298286e-05,0.0007564496758227656,0.000518120314593989,0.0005270774852244867,-0.00017324055254579128,0.00023216751866391813,-8.197744161760364e-05,-0.00012028527275628898,-4.049382556277611e-05,0.00017330906465001564,5.637044866461185e-05
0.0004417608954201717,-0.00015944001419763816,0.00027730378552042774,0.00017202363804607752,-4.0012634257660264e-05,0.0008089663492238145,0.0007996049128655192,0.0009630731494139928,-0.0005890088972762887,-0.00015944029347408586,0.0,2.08684225249726e-05,0.00021088978327957214,0.00010191536747649905,0.0005587054248714402,-3.724394375683696e-05,-0.00035532504853103615,0.0005501998661128094,0.00014166611196092023,-0.00036376171531728527,9.983048082749071e-05,-3.2251909755474635e-05,-0.00017270772314808275,-3.081411891261481e-05,7.40282807678268e-05,0.00010905218312166062
0.0005017808877831357,-0.00018035264935344054,0.00016207665168843467,0.00013639032008146203,2.212579665157394e-05,0.0006675629181495349,0.00045212645418036716,0.00141578704498743,-0.0004195017018600359,0.00010229566198094892,0.0,4.3211565672733274e-05,0.00024025949793257402,0.00012780579809041533,0.0007458319626082317,-0.0001261631712540176,0.0007318601996686625,0.0005288290351686711,0.00030877328828904247,-0.00025629080193840506,0.0002093399704455643,5.095368864315002e-06,-0.0001421816309329274,-4.3401838379153285e-05,0.00015821452297894517,0.00010810309896893967
0.00044846523783386057,-9.58234875459566e-05,0.0002807401104918762,0.00013798028835041478,-1.094366387207526e-06,0.0007471138056721379,0.0007984067301720177,0.0010597469499995446,-0.0006139790340532893,0.00016622028234101942,0.0,0.0001068818004731206,0.00021157510842769345,9.854565351691888e-05,0.0005754916793086662,1.5114676720129074e-05,-9.028813868577453e-05,0.0005335359986711923,9.309007628366801e-05,-0.000433675106957849,0.00015627272291645375,-3.550018570140362e-05,-0.00018207489354109434,6.497825720052886e-06,7.837120307095271e-05,0.00012453593909152554
0.0004260176627303698,-0.00018461944834450601,9.087606668087247e-05,2.794372570080725e-05,7.61493886038574e-05,0.0005708098044847706,0.0003603146035000042,0.0013876170194282048,-0.00043867183426301594,-0.00012449038576656154,0.0,4.125032242277068e-05,0.00015374017968974106,0.00013414357452182658,0.0008139591521156673,-0.00016296506629829001,0.0013331472663067562,0.0005103359969419872,0.000428367005783995,-0.00021192861057686314,0.0002452300490180614,-2.30713799766864e-05,1.2764550227315487e-05,3.0024197343827216e-05,0.00015814331548813106,6.493221189773853e-05
0.0004227363551182817,-0.00018940141261694244,7.529212717125575e-05,-2.7781814110175225e-06,0.0002296372111415643,0.0005225435591636234,0.00033491492748241944,0.00161997781891857,-0.00014537037754308268,1.0205008773260525e-05,0.0,-0.0001400770444487744,0.00013841894680234122,0.00031426942904614724,0.0008362851476660366,-0.000177218917794339,0.001355016886674274,0.00024011118102715444,0.0003903742142559878,-0.00035612664655142103,0.00039776360572182484,-0.00012925512045554378,-1.3161662123506803e-05,1.3104074251067361e-05,0.000254380535217148,4.361034017756242e-05
0.0007694308764329109,0.00012762986371585235,0.0002521387422819287,4.840135257576926e-05,-0.00011158825424819703,0.0009473365016764453,0.0005695754746699919,0.0010075062989438161,-0.0005577923459714971,0.00011193785277505505,0.0,-0.00020775543367372045,-4.961068523555078e-05,0.00022621545448128365,0.0006668017663152143,7.911297348559869e-05,-0.00011588041655628474,0.0006448627285931039,0.0003673239333767518,-0.0002602961380416851,0.0006101171799565682,-0.00011481985856701696,-4.11934756241982e-05,-1.6425083887009571e-06,0.0001714443662148314,0.00011410329711396142
0.0012915822153725814,-1.652494994609128e-05,0.00011668394434784934,0.0002580644295603911,-7.72953431031678e-05,0.001300093804023704,0.0006545518805134709,0.0011719703441057095,-0.000655646150885164,-0.0001590660742113246,0.0,-7.406969764430166e-05,6.761817860788104e-05,0.00010730048937068047,0.001112779915295802,-1.6613301551105834e-05,4.254254461636501e-05,0.00031467949669898565,0.00020779170464081117,-0.00035444555118166476,0.00048506802457535137,-5.773554234289975e-05,0.0019313708538899405,-1.653868506875955e-05,0.00014436817159036114,7.638468991800107e-05
0.001202639053300286,5.094732716778423e-05,8.378151517779679e-05,0.00022894173877719047,4.5192788840278055e-05,0.0012226680158882984,0.0004886581939195999,0.0010327428802913866,-0.0006731521498446037,8.850653836490333e-05,0.0,0.00016160838181091892,9.028515829460052e-05,-0.00020100915319430922,0.0011484950519378837,3.828814198150171e-05,0.00010646357095550755,0.00029492275807367987,-8.547512064573504e-05,-0.0003540608699285325,0.0002312593464279266,-3.6763699012510953e-05,0.0018295793148822828,-3.934988115488548e-06,0.0001841721914442487,3.4867545394774024e-05
0.001114435909580808,0.00015969274919453696,5.7818562856652955e-06,0.00015654699209999065,2.0603878126356415e-05,0.0011168258222672,0.0004751714514526136,0.001016981844110931,-0.000739884328824661,0.000552276639053485,0.0,9.470719779785172e-05,9.90753809877158e-05,-0.00012320813265827434,0.0009964367780451798,0.0002539356110174548,0.00014950343169218782,0.00030299326969896237,-7.524392103599385e-05,-0.00041584956636408577,0.00016995981700914783,3.4444381891316234e-06,0.0016645548490248697,2.6516966184405308e-05,0.00013651389300430074,2.6960680416281727e-06
0.0012347638798351076,0.0005213159753902636,5.570817173690892e-05,0.00022703972498746305,7.912926096016467e-05,0.0012682652350004318,0.00044389825835891865,0.0012083179888005397,-0.0004763605495639825,0.0006662912276289774,0.0,2.8328017767799324e-05,0.0001481363535990662,6.605608824483782e-05,0.001220011473490592,0.00013081517596623803,-7.913196164354202e-05,0.00048080803248526176,0.00041371548702042273,-0.0003004626208333079,0.0005982173538772284,5.830994076318296e-05,0.0015905694423660973,1.2583977327506215e-05,0.0001224613566358612,-8.075717824953088e-06
0.0011105678837338947,0.0005773707137949727,-0.0002473715626230733,0.0001734982750698116,0.00013548124113376957,0.0008926233288183552,0.0004476624677762712,0.0011322473369698909,-0.0004921414458694868,0.00055935199637337,0.0,8.183955973725079e-05,-4.4006417144333654e-05,0.0001304980015168383,0.0012312194201110698,0.00013743153851789012,4.765755220896604e-05,0.0003308444575560686,0.00018923461011514041,-0.0003333920946926763,0.0005950857619008403,-5.987979641138662e-05,0.0016507291769477794,-4.874743919271778e-06,0.00011216091562167091,-7.817138546703132e-05
0.0011293514764665038,0.0005836274815557136,-0.00020319457648423212,0.00013660108752695354,0.00011195500394640769,0.0007769975972571477,0.0003618367394470668,0.0011162621262661902,-0.0006051510702514162,7.62764361548362e-05,0.0,0.00014548540949092738,5.500006386615277e-07,-4.69398893144349e-05,0.001027800571645761,0.0001943305451377749,0.00018120876150439508,0.00015137841013138672,-9.643210440096849e-05,-0.0004364701422769595,0.0006174563219786248,-7.5186692222699e-05,0.0015524539285393334,-4.852704036543442e-05,0.00016056305925081868,-6.25237044104074e-05
0.0009486429427778682,0.0005297562265117583,-0.0002650093003651452,-0.0001606186256151952,6.558811596337784e-05,0.0007401779787175838,2.4713113847149548e-05,0.0016241604100543968,-0.0004851578052477902,0.0005476510190320011,0.0,0.0002855891136287769,0.00020384028469328568,0.00012112044544992595,0.0009617426694207573,0.00020841149148140043,-6.3820209480078395e-06,0.0003203936405332186,-9.940288758999037e-05,-0.00043614261958283413,0.0007209976256628092,-6.528950623835349e-05,0.0017292326324109704,6.944263559831045e-05,0.0001201069315115531,-4.67409416831363e-05
0.0009386663870970517,0.0006417687573618743,-0.000303096532378115,-0.000256944955352983,0.00019795128921269622,0.0008274972089533316,8.969445334532553e-05,0.0016639118858239564,-0.0005441627760749235,0.0003926938558889584,0.0,0.00023061637200750602,0.00026525668928759343,7.590633100299589e-05,0.0009865712623762144,8.323342420215629e-05,0.0002116513287116964,0.00037626844417301556,-0.00011460888378785805,-0.0005118906916281858,0.000734347654851982,-5.621434060062204e-05,0.0019198918248862636,1.96610117344665e-06,0.00016221572601464782,-0.0001945633589608271
0.0009784968979061925,0.0001984917939042522,-0.00013284567531405143,-0.0003027449878915752,5.1733306979738715e-05,0.0004227160696746131,-0.0001400913106537706,0.00124849965187423,-0.0007271802027753103,-0.0006315481864226473,0.0,0.00014448384881333935,0.00033939620954611706,-0.00018070868237063427,8.212229566632076e-05,0.00024910746170520655,-0.0006742703705796746,0.0003416796740831676,-0.00043636113984375536,-0.00026860170779941666,0.0002713086923473338,6.369597525900332e-05,0.00017863790937616217,-1.1652018949239845e-05,2.667029410389122e-05,-0.00010107324363368368
0.0009062846166271692,0.0002558414115655162,-0.00020768257035847775,-0.00030207502973041915,-5.435322330242452e-05,0.0003178157574906939,-0.0001692506213045624,0.0012273173699771998,-0.0006892212422078145,0.00017469389778554276,0.0,0.00024399419645890655,0.0002713800475740669,-0.0001316614663934182,0.0001987949347648366,0.00016483232092866855,-0.0005433459831870132,0.000290993460399577,-0.0004894856198294989,-0.0003001457189454389,0.0002261294541337321,-0.00018649164136152406,0.0002070044235199597,2.5288900714924808e-05,5.427768173834419e-05,-0.00011702544337876515
0.0009016264788479194,0.00025580942579369833,-0.0003498485308415252,-0.00029909239082478696,-2.5147232137458088e-06,0.0005055522657006526,-3.106581413602942e-05,0.001534893578693543,-0.0009327963046622103,-0.000230892780030585,0.0,0.0002286905145670874,0.00033008481045868694,3.06111471486008e-05,0.00041987412951440635,0.00032423926333390127,-0.0005212720080759117,0.0003452376461170345,-0.00039887395329349536,-0.000349374370360337,0.0002480708291434066,-0.00016024091759186726,0.00016330529726123267,-7.179953387006944e-05,2.680652602696983e-06,-0.0001541804872774929
0.0008299282461241076,0.0002735271363949761,-0.0003955673017543081,-0.00022223245390861986,-4.888954661316864e-05,0.0005630613536274737,0.0006206225411886421,0.001546331727846759,-0.0008168504898495708,0.00021697277967180963,0.0,0.00020678122976260088,0.0003794104720298859,0.00017927519706753493,0.0004486941534253191,0.00040654816255831236,-0.0003294634276001398,0.00048491830022274525,-0.00021454947918723627,-0.00041076409795198505,0.00025359753329746705,-6.43324647300335e-05,0.00019249873117979478,-4.531313099707085e-06,6.0180392802708664e-05,-5.608533103355639e-05
0.0007306553224941516,-8.497198621295902e-05,-0.0003427558535832506,-0.00011705521785767302,-4.982997161528286e-05,0.0007678567730405431,0.000627193805644271,0.0012077503027009431,-0.0006334192205538794,-0.0007142433937139061,0.0,2.6684945661369074e-05,0.0002440555916090599,8.854831422332282e-05,0.00042618643489193556,0.00027133235979670317,-0.00016323267279432584,0.0004129763333982321,0.000101958570352559,-0.0002768437624806408,0.0001751169301472225,7.935445894695111e-05,9.84334144389213e-05,-2.5062433406761e-05,0.00012771622725084325,-5.6331720631033125e-05
0.0006958050757659487,-6.450340347424745e-05,-0.00012650294319686703,-0.00015719100183540064,-1.251386555700051e-05,0.0005011047064409864,0.0004308948831173026,0.00186676899322855,-0.0006848482292009274,0.0004230800407859344,0.0,8.573071235244643e-06,0.00022972393150712774,0.00016926341269024698,0.0003769020061592032,0.0002302284956673858,0.0016034843328922481,0.00024907852016723114,-0.0001808419405347573,-8.96836445664959e-05,0.00030443144128189446,-1.3299912513686403e-05,0.00015712065384299408,0.00015348552333788662,0.0001997148862747106,-2.8753652792403477e-05
0.0008565003745767329,-9.312573563016509e-05,-0.00032224674298982807,-0.00021072176071769915,-1.1727889700374657e-05,0.0006050793286470089,0.0005716664071673167,0.0013969349312076395,-0.0007903727268722359,-5.2146537520922024e-05,0.0,7.302088634590004e-05,0.0002056416270419574,0.00012507486300622275,0.0005688769976459491,0.00015207606464559415,-0.0003219955556115515,0.00047816565938671554,0.0002926503912016073,-0.00041355180160868304,0.00016854867244053717,9.595206036512802e-05,0.00017575018255201765,1.8662981906958355e-05,0.00018274262922074217,-7.417814331123126e-05
0.0006709986706767144,-0.00014663926745422476,-0.00021387561285746877,-0.00013061521315012363,-9.619413874651671e-05,0.00038133845955174605,0.00035338237375933475,0.0019102972118294277,-0.0007286342143968875,-6.546350754216165e-05,0.0,0.00010075843592377519,0.00028390118929822356,0.0002078309667990405,0.00030889461310792867,9.107195928805506e-05,0.0017255150087835895,0.00016465909409232174,-0.0008528617848470301,-0.00023875871735884373,0.00022569395892455763,-2.5774329868351978e-05,0.00016355128000817613,0.00010159619867070658,0.00026737475089525544,-2.667482747715098e-05
0.0007594905126909114,-0.0002257363499642745,4.45847530045762e-05,-0.00017215648186780675,-0.00010402851896948364,0.0007353029906020831,0.0006962565547466483,0.0013650338915250858,-0.0007163464700645526,-0.0007137732365866393,0.0,-0.00017692696477204174,0.00031297055111701534,5.7633379555391594e-05,0.00035444790025040876,0.0003048055019725396,-2.684062938429082e-05,0.0003814785782573833,-7.851698955428918e-05,-0.00033352192385657634,8.641927268376264e-05,-5.806781923872838e-05,0.00013407634832190152,-3.638960516432236e-05,0.0001579231737913145,-5.9909806994737214e-05
0.0007542798740758225,-0.00016551956576989676,6.600403581134522e-05,-0.00031989825571310807,-8.774650607075884e-05,0.0007469611561515824,0.0006660717358156942,0.001360687694291471,-0.0006754622668836584,0.00010938912282867997,0.0,4.283014148708849e-05,0.000228593945438514,9.690268944324601e-05,0.0006196630831757345,0.00014016754065925328,-0.0002690183797233823,0.0005372987429113428,0.0003746087541734704,-0.00039528640544681426,0.00011345460562322407,9.340159209724121e-06,0.00012904353471860535,-1.9903654023995167e-05,0.00026590994091938406,8.351571814013193e-05
0.000495432412116389,-0.00026782103155810813,5.4342613370242885e-05,-3.091241539392076e-05,-0.0006602523970721565,0.000577666769444385,0.00017155143674239744,0.0019810200844872375,-0.00031640053048406395,0.00020698587331565338,0.0,0.00014500461974275268,0.00025054597320614346,0.00026084935350024195,0.0005524645387070571,7.935371407654941e-05,0.001516505055760752,0.00031639452062648627,0.002484146246999271,-0.00025535307332091894,0.00030587783582622694,-3.714957946278602e-06,0.0001646103943588459,-0.00014488681086641315,0.0002677112949892329,6.0172981064658425e-05
0.00047685345373312926,-0.0006141765566380888,6.249265757582279e-06,-0.00014523572375836234,-0.0002354520049904704,0.0007232732468484357,0.0003076111375711081,0.0014366907106834817,-0.00039001718182664704,-4.59951713661983e-05,0.0,0.0001479126523797485,0.0001645053041656928,0.00033174243218004826,9.37592969289969e-05,0.00014610024183133564,0.002491794078818395,0.00031196412790622546,-0.003485853587361819,0.0002421592767283033,-6.147639323005737e-05,-1.892609268534522e-05,2.365721445081748e-05,6.341443489779643e-05,0.00021235296874760572,8.421614955969348e-05
0.0003499591872738537,-0.00014453011574521067,0.00012970473414871547,9.135646212558278e-05,-0.0002250249186364647,0.0009468871540558312,0.0005569209520716518,0.000798002880704754,-0.00030180649540720344,-0.006860783813648448,0.0,-0.00027399809469573326,1.0513163766112302e-05,0.00010895913545590701,0.00032001848193671215,-5.737257530984096e-05,0.0005041961410223182,0.00014075974121915296,0.00043963014659720984,-0.00016082775999405656,0.0003702868807971342,6.156517828356173e-06,2.4350705208523944e-05,-5.487182364760618e-05,4.733078976080773e-05,9.660395584742788e-06
0.0008375848582711012,-0.00019447436047766094,3.570164499048247e-05,0.00033943775947224713,-0.00047966502664998327,0.0008875286684966339,0.00042002611695087725,0.001031121749817393,-0.0005771736854968308,5.179835294491028e-05,0.0,-0.0003943525783888097,0.00012935330648959536,-0.00018176896151463312,0.0008088353239903671,-8.770248951079882e-05,0.00018685279551632184,0.00017223566318689092,-3.029003028064291e-05,-0.00026601814369632575,-0.0007704330279759887,-6.555793880639639e-05,0.0007664526517463166,-0.00016046864099273037,0.0002469042783705096,1.4245572857692186e-05
0.0008313854638931697,-0.00024490930411363366,-3.7796155385599294e-05,0.00024560619390466434,-0.0004666687981632912,0.0008121450744893687,0.00038644245279496474,0.0011122015488514254,-0.0005604811091526243,-8.704996484696658e-05,0.0,-0.0003803634579198862,0.00010333265762481252,-0.00014891574853256927,0.0008057740670698475,-8.845642586407272e-05,0.0002517497815513103,0.0001317677480145447,-2.0410377212774203e-05,-0.00024037840486197413,-0.0007426326266531317,-8.682231710557553e-05,0.0006888618882819628,-0.00017184695343005983,0.00023607094231618708,-1.5097073684785128e-06
0.0003069869077361918,-0.0005978196641601821,-1.74610502453467e-05,2.3465102104850524e-06,-0.00035412527344480315,0.0008673009934454325,0.0004153089778662109,0.0010004712777467336,-0.0005354953470170111,-0.0004414375988954196,0.0,-0.0003076607168617291,3.3532251556710985e-05,-0.0001641272106298286,0.0007191136096570505,-0.00010247224209142052,0.0002252579485197115,0.00010722829396862869,0.00035410557799755657,-0.00025370105585124556,-0.0006973009411432692,-7.098680652969809e-05,0.00028370035383090664,-0.0002147580894932953,0.0001868418817747849,-5.7446227621010946e-05
0.0003307310563505004,-0.0005586141559239978,-1.5122510978142878e-06,7.421013930298055e-05,-0.0005386710662511814,0.00043192997356839756,0.00012037053603613081,0.0010717098327660544,-0.0004894981824317207,-0.0004774364519095322,0.0,-0.0002380058302906706,-3.317397373049258e-05,-0.0004546998096297672,0.00023746896659721761,-0.0001028855265479148,-0.00016635074747533757,0.00013502542399112727,-2.5144959657380155e-05,-0.00014073188911011147,-0.00029415705671785694,-8.962333793819597e-05,8.075028448476769e-05,-6.826824156428346e-05,0.0001854868636934303,-3.411700323435991e-05
0.0003553378443312267,-0.0002290556141915337,7.113474537377666e-05,7.377885536018127e-05,-0.0002983591881759234,0.0007732640889151025,5.4052263894058424e-05,0.0013370083222289091,-0.0003677379896293582,0.0005606329041096765,0.0,-9.483528238749979e-05,-4.645317172808615e-05,-0.00016637205266478247,0.00036588764008253446,-0.00021131518727393722,7.899492993977018e-05,0.0003183711473247942,-1.5970410776544325e-05,-0.00019152252784570469,-0.00017666055383998015,-0.0001223047998421584,-5.792999812929154e-05,-0.00016488329006661596,0.00023283157180737475,6.399849398215831e-05
0.00041706131126844227,-0.0002801524531527897,0.00014558597392553833,-3.053734641096624e-07,-0.00035198512886007417,0.0008513264233862764,-0.00011483489359948781,0.0012175326654824395,-0.0003274910680975808,-5.471398486152715e-05,0.0,-3.246474996896145e-05,-9.692500695199255e-05,-2.8831594637284317e-05,0.00014892638432467635,-0.00012575296246497984,0.0001965929349386992,0.00014898816764668808,0.0001797918068663608,-0.00027250897775890745,0.00033443310965981533,-1.3416675677302884e-05,-2.006752718132575e-05,-0.00019266689992454046,0.00022027472937700659,0.00010693434538490816
0.00034064803324864405,-0.0002840134956564712,0.0001412378239590864,-4.83461631828602e-05,-0.0003603976063028797,0.0008279027573006992,-7.937284016143204e-05,0.0013026838717003072,-0.0004143718242901674,6.087511981500395e-05,0.0,7.00753602466695e-05,6.713885308668488e-05,-3.531759750092612e-05,0.0005008115493864379,-0.00018835305187940712,0.0002596982014858419,0.0002472561363516392,-0.00011766317593315169,-0.00023224149707405024,6.293304447442505e-05,-9.252763196610845e-05,-7.099553262697778e-05,-0.0001085328291553271,3.218656065992344e-05,4.56725816751121e-06
0.00025675528251996294,-0.0002670304133900529,8.844483219342575e-05,0.00012118230351583785,-9.021051631187338e-06,0.000545127144460946,-0.00010062933634681484,0.00102944317384754,-0.0007198310481735394,-5.731345211406044e-05,0.0,9.202590757699606e-05,2.8879387883658793e-06,-0.0002584945191198499,0.00037356246874945556,-0.00015782332235750776,3.9172534654992924e-05,0.00031918869619290967,-0.00010664783879727924,-0.0002895856886419956,0.0005834173783676539,-0.00013959568204005782,-4.795000953086576e-05,3.43002978911947e-05,0.00018051345108970006,-6.541878197016561e-05
0.00029995189215641983,-0.0002419271654429034,6.475567636578465e-05,0.00010552920262588519,-4.5604659628390584e-05,0.0007056698252944679,-8.652340282065248e-05,0.0017976750709308884,-0.00040223699536714915,-0.0001168890816096077,0.0,0.0001694597157581327,0.0002042891969427306,3.741723545714363e-05,0.0003088348900070611,-0.00017210326953408621,-0.0002666245642912163,0.0002937714355223405,0.00010787543563302448,-0.0003748156517117898,0.0005462460788214681,3.8311588835905883e-05,-7.258321266433117e-05,-0.00024100884984205065,0.0001778204496957255,-0.0002543997150223869
0.00021681639304330585,-0.0008909295839193202,-9.686710975842889e-05,2.3841988300267617e-05,-8.43685006603548e-05,0.000507949912025557,6.474509968875581e-06,0.001737250485259585,-0.000965352313264006,-0.0004588361091946758,0.0,0.0002036608760788351,0.00010936794004214115,2.030387452308509e-05,0.00020095668584429438,-6.886388024768244e-05,-0.00041909712731735886,-5.312101493027037e-05,-0.00018818794317419777,-0.00026595068897763307,0.0005206454954682884,8.366634652016407e-05,4.59445443026119e-05,-4.956185725082185e-05,-3.280071060425783e-05,-4.964769569637816e-05
-1.1624941576361216e-05,-0.0018311430678367247,-0.0003582502629972548,-1.6284133584076152e-05,-0.0002916026099534475,0.000412718293884023,-3.6721178143342786e-05,-0.0005284347794396935,-0.007165313727758773,-0.0026626531551062938,0.0,-7.693923258563046e-05,0.0002139080386393048,-6.526069722315894e-05,0.0006093563167134784,-3.943233545673312e-05,-0.0006516562374455958,5.2199760440315324e-05,-0.0005189311003228441,-0.00015941825900640322,-1.3734028292516317e-05,0.00015048496922543913,-1.4086794519423753e-05,-0.00017330478648754219,-0.00031113873857509206,-0.00017328423236317016
4.3850017203347866e-05,-0.00200254970128648,-0.00011112303783975043,4.040310623553161e-05,-0.0006787434173182666,0.00044603065218100385,-4.9232121531443206e-05,2.7227095561457414e-05,-0.007667918891612434,-0.0003145164022197381,0.0,0.00017496185214189384,4.004136962025503e-06,-0.00015449072505230207,-0.00010872917744115427,-3.685953815386252e-05,-0.0008245725344327129,0.0001791744746157873,-0.0005578283700054347,-0.00010309087030050266,-1.5687180385820343e-05,-0.0001206990326276858,-6.322333358481715e-05,-6.534277919751907e-05,-0.0002143411620751482,-0.0004046817479238394
1.964119978306501e-06,-0.002192956570584471,-0.0003122827661210173,-0.00012715409531356982,-0.0002630939096846613,0.0005443914528493558,-4.2447105701079646e-05,0.00011312716852445759,-0.007400119496926366,-0.0002821161044141703,0.0,0.0003485010391481258,-5.055773815410613e-05,-0.00023116941521061663,-0.00011140956067140025,-2.0478716784729603e-05,-0.0005527088299732326,9.1494015338311e-05,-0.0004546562223620215,-0.0002061563940022422,-3.974503517245801e-05,-0.00018756158800993638,-0.00010089989529082959,-8.158620012067553e-05,-0.00024430220629493264,-0.0005256868179678178
-2.7974957360678892e-05,-0.0019886044737166706,-0.0003403301384343314,-6.456309651336938e-05,-0.00028588135156085344,0.0005271642461643165,5.916243760106318e-05,9.785204861095978e-05,-0.007189781492936156,-0.0005920442270166983,0.0,-4.056046627149862e-06,-6.944028820060108e-05,-5.589186301848672e-05,-0.00012152009927752452,1.8015323175592325e-05,5.758660489380205e-06,0.00011091452409970717,-0.0001314796803139411,-0.000226204408596154,-0.00012205445110892187,-0.00017354328931695363,-6.532304171824022e-05,-9.52816724364618e-05,-0.00014108403092905506,-0.00037413290157489856
0.00017314739557795552,2.110008597552528e-05,-0.00038226113123844357,0.0002620813543754374,-0.0002097542387797443,0.00024105434971457543,-6.683044535428117e-05,-0.00033924632203188653,-0.007387400789604487,0.003186513070964361,0.0,0.0006743738291826971,-2.1020889040434633e-05,1.1156517804462868e-05,-5.3566858639497985e-05,-2.86989131331578e-05,-0.00015628472838099454,0.00015196198303047282,-0.0001064808720862911,-0.00010416043063338685,3.333991192335545e-05,-6.471208566296247e-07,-9.931663495793533e-05,-0.00011478543251230214,1.778796885735723e-05,-0.00016979048499383054
9.567475942651293e-05,-4.536055870123174e-07,-0.00028544613697984356,0.000363336459084423,-0.00010071105103234685,0.0002506936876416216,-0.00010908109927137325,-0.0001242099632134295,-0.006986543018591134,-0.0002533432682815448,0.0,0.0004236477651799688,5.063819509304506e-06,6.656107261251018e-05,-7.896520816700706e-05,-2.2815671000430913e-05,-0.0002077556096592799,0.0002366005006286165,-0.0001828527136502493,-0.00022560380744984933,3.9197596446239645e-05,-2.4328707333341245e-06,-8.230219041624012e-05,-4.233912043552584e-05,-3.722753833599162e-05,-0.00022119786225872616
0.0003523033086699157,8.886941110570198e-05,-5.309856708707279e-05,0.0003440929308069403,0.0002643493733133483,0.00027650255004625684,-8.685752904604941e-05,9.900988837437154e-05,-0.0058033101524115225,0.0003338137128312551,0.0,-1.1841218822416108e-05,4.271014963709219e-05,-8.801965215764963e-05,1.8303562505769575e-05,-1.4454740058700324e-05,-0.0022127467497951576,0.00024588065257777954,-0.0019273093147998863,-3.3046297521424796e-05,-0.00012163940727343369,-0.00024886852639318595,0.00024794464788287305,-0.00016988547762496718,-0.00011741180482479018,-0.00015036567643723523
0.00013044604185078487,5.2461549703392626e-05,-0.0005006421869061305,0.00028972655178523016,5.7544473316547065e-05,0.00020459175514933858,-0.00010077539692885481,-5.9113186756913734e-05,-0.007403733815921432,-7.242338520412051e-05,0.0,0.0006099799858160953,-2.6716892817267498e-05,0.00016428098685807534,-6.255335880230533e-05,-9.467983506298452e-06,-0.00023928357488887977,0.00015911171943808612,-0.00014231604675051066,-0.00015214147542487273,-6.130346764677774e-07,-0.00015844998327196123,0.0002765692883892843,-7.64821142999206e-05,9.384028118251344e-06,-0.000293339613154587
0.0001419635736893387,5.908045610061594e-05,-0.0004452642611333687,0.00042053498766042824,-0.0001371428145842962,9.390805195951266e-05,6.224832317352966e-05,8.616629415251345e-05,-0.0020009212586746252,-8.00367666782284e-06,0.0,0.0001390205818252742,-7.2414901190737845e-06,0.000165971620620038,-2.2519959706924447e-05,-2.6837104003309746e-05,-0.0002299665781098976,7.558595137052831e-05,3.778886763862179e-05,-0.0002104934535613666,-0.0001668412031779876,-6.629667098793346e-06,0.0004309832421917918,-4.5918881601574996e-05,0.00013013194546675902,-6.833718115894712e-05
0.0001555766500781675,-5.67285920541871e-05,-0.0005256102235173862,0.0003916822498426001,-3.4040686179041375e-05,7.669385643520698e-05,4.376225895271302e-05,0.0001086983289071634,-0.0018750043834071695,0.00033658378179389075,0.0,0.0002357658923167545,-3.676225362379035e-05,1.4254050044405975e-05,-2.241308198981313e-05,-2.601819666020746e-05,-0.00035436900206434825,7.799369044502491e-05,-0.00014359210277810122,-0.00030463642158285484,-7.59158696905843e-05,-0.00010600710206693844,0.0003162094823109296,-0.0001306689019392252,0.00012637427471443364,-0.00019881856714375835
0.000151643441317554,-9.29381196514095e-05,-0.00015789114710439253,0.0002845338550431962,0.00019733514271636572,0.00022832254409152597,-4.15643039967322e-05,-0.00028899012044503674,-0.00708274459171052,-0.00015644416541574322,0.0,0.000421560788793556,-3.23484181385603e-05,2.554584387632884e-05,-0.00011573433095615816,-4.84385408029145e-05,-0.00029725643695732,8.262659829157381e-05,-0.00019102222950989587,-0.00019300313523337376,-0.0001436192195720208,-0.00010852910999665946,0.0004324642965456062,-0.00010448366109756056,-2.05536475841339e-05,-0.00031951323544144596
0.000437747237675465,-0.00010193585349866726,-7.634929279867454e-05,0.00034338278003749097,0.0002350748711073685,0.000291492992658819,-2.3367466365388973e-05,-0.00010642133728190219,-0.006658523153587847,0.00044760114888409803,0.0,3.8046639765889064e-05,4.09286495354965e-05,0.00017250517818435807,-4.386739005666586e-05,7.61094156182679e-06,-0.0025960409014459747,4.935088869965931e-07,-0.0020555266695644293,-5.762370986049236e-05,-0.0001803779418130032,-0.0002080402457534732,0.00027076350126653076,-0.00017196400873199325,-8.817402625502733e-05,-3.9348426708945905e-05
0.00019860732898006468,-5.966552025253725e-05,-6.725756995109805e-05,0.00024257438456640223,0.0003239804761213717,0.0002608964480299204,-8.892616268030673e-05,-0.0003223279565302274,-0.007608138660327117,8.624172950104791e-05,0.0,0.0003592501842994679,6.43121653244457e-07,0.00010636402431430448,-7.201752404356418e-05,7.959529496634995e-06,-0.00016164516419424091,9.664981273914522e-05,2.272225430343464e-05,-0.00013855789864400872,-9.721802266627878e-05,-0.00014245865100522592,0.00040847387232134766,-8.242933860100831e-05,7.205069447254734e-05,-0.00025563988843036855
0.0002823109130163777,-9.950764644606315e-05,-0.0001326550139091175,0.0001692107253157625,0.000654717441568368,0.00017410294359425602,3.420397163523677e-05,-0.0005676228166481378,-0.006864473425464816,4.726491696640881e-05,0.0,-0.00023448944732963766,-1.4219605179562476e-05,-0.00011651448978793702,-7.648568798620705e-05,-4.0130063260701816e-06,-0.0002618513695337337,0.00014178679078720194,0.000687445506901578,-0.0002310072571768899,5.6730115194269306e-05,-0.00021686070358853968,0.0005280552939712778,-8.43079224651925e-05,0.00016182572498266612,-0.00024929264375896424
0.0002559586261555099,-0.0003474033032699318,-0.0001619143099998739,-0.00014305119272208682,0.0005885894856501142,0.00021087522400789593,7.160184991564248e-05,-0.0006782143444910899,-0.005484057980003217,-0.00010444387618172199,0.0,-0.0005599177581148802,-2.1358470693718558e-05,2.553856021443823e-05,-7.657983438148582e-06,0.00011656580118235645,0.0018408727149638476,0.00040438560537230155,0.001952783198749666,3.897035232899699e-05,0.00014992530713946309,-0.000308431862420148,0.000648192478219659,6.917227752700567e-05,0.00022204232987765475,-0.0003858549554401868
0.0001858945535869518,-8.857274991042822e-05,-0.00010358552993175373,7.88643161333393e-06,0.0003306539086548277,0.00024421912396785047,-0.00016125184450666542,-0.0004989526909384755,-0.007340519450213691,-1.2744096424233936e-05,0.0,0.0001547012695157311,2.226723339306093e-05,-8.315046297595865e-05,-0.000135053298671569,-4.7708673151493935e-05,-0.0004133647311364677,8.394781549231689e-05,-0.00015866069315326398,-0.00021457986708453027,0.00011309412116727558,-0.00029971639628793064,0.000650820909041149,6.938928000033746e-05,-5.537949516511644e-05,-0.00018725169779179132
0.00031046289458742964,1.9127760869093918e-05,-3.7736963706807056e-05,4.262239461575941e-05,0.00040111576751928067,0.00031454885143278734,-0.00017565689212456988,-0.0004535863950378132,-0.007365608977533198,0.000325127527202252,0.0,0.00032698750896693093,5.7186555375748575e-05,-0.00018681668359526405,-0.00010655484037534276,-4.405546722129731e-05,-0.00034332672519430264,7.908970881244552e-05,5.6614149930697215e-05,-0.00019636200747246365,0.00015536619631360886,-0.00019287120500106466,0.00048156534504016825,0.0001863547864757109,5.048345386292555e-05,-7.834664615073955e-05
0.00023566820099295212,1.4032144374510147e-05,-9.23983986478701e-05,-8.08626300599274e-07,0.0007362715237652282,0.00028853720265146224,-0.00018302337806303025,-0.0005149086003881271,-0.006801677250747629,6.593795248370506e-05,0.0,0.0002297835107630233,-4.50746133142307e-06,3.721906143721706e-05,-0.00013797213883699354,-5.1378985473986304e-05,-0.00030904042311317184,0.00013930780513733929,4.691900144975066e-05,0.00010912756956881934,0.00015985122300447445,-5.855914625261083e-05,0.0004509392318332756,0.00020706302610574547,0.00010748265451561221,9.771994658301777e-05
0.00039512494651848117,0.00031798996068405685,2.6790413677708685e-05,6.958422550630477e-05,0.00048198247798685083,0.00018105751522890933,-9.782826347126652e-05,0.00017020965165881585,-0.0004230153172269482,-2.9977050807991685e-05,0.0,-0.00020100042397033769,7.353327029158698e-05,-9.336095720198017e-05,-0.00020580644845993304,-6.331316513730572e-06,-0.0002029308626095616,5.305569497590616e-05,0.00026690220482101807,-0.0002515261912494647,0.00011374074866438738,-0.00018779011382542526,0.00048435698124587353,0.00022431628859409712,0.000230102331698483,0.00013808421083720285
0.00026254561829384493,0.00019541812956897373,0.00015287558633114638,-2.7068223590881625e-05,0.000609237186953723,0.0001385879396888326,-0.00019125641773195043,-0.0005163653381205653,-0.00714854349104077,9.880487266005695e-05,0.0,0.00037008645610289,7.445004504180935e-05,-9.577487861648439e-05,-7.696544999832813e-05,-4.9932242880918e-05,-0.00042702986722124316,0.00019595929134946425,-0.00019671730864918768,-0.0002579769196346667,0.0001403137706203796,-0.00025525584463333096,0.0006201564192993128,9.200342956716135e-05,-7.730786593098654e-05,0.00022088197060190313
0.00044250659911728037,0.0003012826134246372,7.1004313294706186e-06,1.2699166565735495e-05,0.0008086750800630798,7.698691267423946e-05,-0.00012970664414913322,-0.0003732043014569552,-0.0020125243236322338,0.00025010677079058944,0.0,-0.0002227411423957356,0.00016875192360274756,-0.00011909847403508347,0.00010500733711164438,-0.0001953733173932968,-0.00018744520501585215,5.0722615777825486e-05,2.092420670617733e-05,-0.0002494082872280375,2.1942748896985344e-05,-0.0002252370303046044,0.0005378259636951508,0.0003091623247332663,0.00011766596303505503,5.588255192342025e-05
0.0007177549453030278,0.00027525253727587974,3.7637013791443714e-05,-0.00012538763315106684,0.0008505484849334194,0.0001776322529464098,-1.0810012832046406e-05,0.00014784536713086167,-0.0002837775830948959,0.00018253784206392936,0.0,-4.212308387791712e-05,0.00010967430465705664,6.160345583470432e-05,0.0001095060859493756,-5.297829616844291e-06,-0.00311159754563876,9.618238506318502e-06,-0.0020148240145587137,-5.44888860668462e-05,9.647026269450153e-06,-7.555122427817937e-05,0.00030818930575787556,0.0001373439890782393,9.36940812970319e-05,5.645543498422128e-05
0.00044061414683514764,0.00012026020430514269,4.800530993794554e-05,0.00011816875075762788,0.00029907703729283936,0.00015299619336875959,-0.00013645047896439523,0.00015650681121543366,-0.0005678877680393576,0.00035082448668771293,0.0,0.0001006319466840131,9.995482196662085e-05,8.217505304235248e-05,1.3736908291303928e-05,-6.01262678426349e-05,-0.0002882619059682247,0.00015883807502907674,-0.0002881474252444285,-0.0002445679071300489,0.00027358400519610266,-0.00010744318254692473,0.0005779343311510215,0.00021832376444137227,8.110226398124184e-05,1.977029076383125e-05
0.0005055430293133035,0.00013462267284581142,5.7524519975384e-05,1.4487463930491627e-06,0.0003296245695091985,8.368346266804415e-05,-8.366988804076385e-05,0.00029663995635654616,-0.00035911400366581977,0.0003101359546754043,0.0,0.00016415431015418772,0.00015385522144596925,0.00010854536748867302,6.012138338401725e-05,-0.00010531191479611735,-0.0003020966094405794,0.00013549706781151445,-0.0003596340839375238,-0.00014346525940107504,0.00031115851801639423,-7.534742525409193e-05,0.0005265717829069412,0.0002532429822600328,0.0001499399391692904,1.648620551101528e-05
0.0006830781644426631,8.316836445535828e-05,4.578984258892935e-05,-1.8716189463690977e-05,0.00035955715715673813,0.0001169327466814864,-2.5029440317063688e-05,0.0003482792874834638,-0.0003710094311483549,0.00018337263707097454,0.0,0.0003721436159129926,0.00010846346629812448,5.915468029423519e-05,8.247037020317598e-05,-6.994808088596192e-05,-0.00039814820278440306,0.00013226737403601848,-0.00025473665398037206,-0.0002944822190611913,0.000175416486023303,-0.00019578118231713889,0.00035899835796493885,-1.6340320828971292e-05,0.00019155729556395398,0.00010318535772717843
0.0005539528595094209,0.00017806408589907683,2.9385936600706985e-05,9.370077948657681e-05,0.0002272060506827631,0.00028807616106404736,-2.4388725617365565e-05,0.0004997007168050286,-0.00046681248061626227,0.0002426048001172498,0.0,4.014881567522041e-05,0.00021124152423864027,9.419979686284596e-05,0.0002721155407297373,-0.0001484374786450089,-0.00033554851307710534,0.00010587956563928572,-9.410347646540324e-05,-0.0005163816659290616,0.00022834667113168358,-0.00013033686090517177,0.00035079208995125835,-2.3824571247538202e-05,0.00029261342190233116,7.629661714595735e-05
0.0005988982145223026,3.668963150880646e-05,4.550232537744074e-05,-2.872280127721853e-06,0.0002416994372075081,0.00015118226533286807,-0.00010400258693218903,0.0004071659152804109,-0.000546719305346238,-0.0003075819864128427,0.0,-0.0001843857951093473,0.00022446922455968848,7.182088468099692e-05,0.0004258637896365741,-7.827901674445767e-05,-0.0001650050488767263,-6.378139783554518e-05,0.0004062095679693103,-0.0005321892932758995,0.0002484791699720861,-0.0002052802585641997,0.0003939678102773354,-9.19210393582941e-06,0.00018891704395716422,6.471093104688928e-05
0.00031199900291315033,0.00028904517064903796,-3.6506120664652626e-05,0.0001035450275686897,0.0005640276297320936,0.00017755344593687217,2.471631107278231e-05,0.0003810702096674683,-0.0004069660296838102,-3.528872714553458e-05,0.0,-0.0003427348785258339,6.775467440038809e-05,0.00012551961118841885,0.0003473601908609972,-0.00011968693942346752,0.0018788389481210086,0.00012214075219132877,0.0003500306780736268,-0.00015443807577067203,0.0002789651707955412,-0.0001092033892668245,0.00018755443680465187,0.00039773852299246213,0.0003746561096905873,3.562830677653721e-05
0.00032560285054198014,9.590655710272104e-05,-1.8189011571920513e-06,9.88519242813776e-05,-2.852445280959651e-06,8.765975166440906e-05,1.2511797999057609e-05,0.0006860165479789953,-0.0005913727568603154,-3.369750186566465e-05,0.0,-0.00024374040039838236,3.972095745181225e-05,0.00015479261414057775,0.0001546802082369517,1.0673532067530355e-05,0.0010823086850067537,0.0002875368696530162,0.00033113812754245297,-0.00016937548454824683,0.00020711278629687076,-0.0001534162346671061,0.00027899293958267944,0.00038019170957583255,0.00037413804639757436,-1.6295767881823776e-05
0.000144120208358112,-6.44806596837297e-05,-6.42478921529673e-05,-3.724691290000426e-05,-0.000177899626715122,0.00011063193587311927,4.804125281210356e-05,0.0008798052830563737,-0.0007155990527472724,-7.910366289677079e-05,0.0,-0.0002727772137540931,-1.0084911658794363e-05,0.00022561147548473223,0.00033591404799648145,-0.00018806828528793846,-0.0004184567001686413,6.170062078523349e-05,-0.0011864179971870774,-0.0004973773171392943,-3.0217668765853136e-05,-5.745160517496058e-05,0.00030180035724373385,4.886258124696578e-05,0.0003184223236530393,2.6821493012186525e-05
0.0003569209101615468,-0.00040455901716560024,-3.326462936843944e-05,-2.168437556978849e-05,0.0001869515588495443,0.00022592698227314565,2.9066771127978233e-05,0.0008755245343155715,-0.0005309011642222516,-0.00025727724720013,0.0,-4.4847569440477525e-05,7.455990757971036e-05,0.00028787768196202084,0.00037272914311451636,-3.228852497546487e-06,0.0021303568104272855,0.00013115242609731763,0.0013862100886533686,-0.00023791501518109838,0.00019105074222202265,0.00013983161980617544,0.0002390390004152671,0.00012171287118086038,0.0005115679623438977,-4.3329456300660517e-05
0.00030128631795097615,-7.008147769815235e-05,6.648604563935856e-05,5.691175515507337e-05,8.882313307786257e-05,0.0004945081696843831,-4.538684147237638e-06,0.00045322312887029296,-0.0070215135705554215,-0.00016152477297345902,0.0,-0.0002872455763445844,0.0001666706257841479,0.00021300655499243465,0.0007211928720587537,-9.01217372502627e-05,0.0019061517370443125,0.00010506070980720004,7.205179520020868e-05,-0.00032140087589451486,0.00034584597981285363,-0.0001890497853875491,-6.043961500743186e-06,0.00017600241197948503,0.00034759130939909436,0.00012207403713470106
0.00011321936497951005,-0.0010219367724423523,0.0001708709227121485,0.00010184541022190115,0.00010442690333208019,0.00015037336589131877,-7.795453860955285e-05,8.79265559273126e-05,-0.006979170909499029,-0.0008748926322102399,0.0,0.00026210104699618157,0.00021929764705139147,9.247469805682434e-05,0.0005910930969566597,2.2856647176755594e-06,-0.0002125842201855006,0.0002511146170319169,-0.00016673193471956343,-0.00034056133048952384,0.00023978656776967852,-0.0001223733106532584,2.3064789313064105e-05,3.0918041949178395e-05,-2.3612957564872206e-05,8.703671986526305e-05
0.00021423829924677174,-0.0009053428051186848,0.0001546741193440089,0.0001270721567807357,-0.00013917018417852696,7.044501245867224e-05,-1.5425364814417342e-06,-0.00014742021486497013,-0.00673351044752022,-0.0001602328862175943,0.0,0.00026855411891525373,0.00042243304910641864,1.4056674018566308e-05,0.0006631609986516984,2.1985851530057187e-05,-0.0003494956116273147,0.0004392583932972682,0.00028840747520030447,-0.0003454362956547425,0.00037287364737450114,-0.00011775217495689194,-6.091609662585312e-05,3.419374884106642e-05,6.037454941575688e-05,0.0002047705957933559
0.0001511884139634095,-0.0009281360497491935,-0.00013871208683225843,0.00010558011291099636,-0.00028060472383990273,0.00025798640000983036,5.223494452031566e-06,4.3651097031092775e-05,-0.006963706671535142,-0.0005575186957567947,0.0,0.00020706834691438397,1.3616164241140363e-05,-0.00030855520440574023,0.0008887772449971308,-2.542983512852426e-05,-0.0002601407829273783,0.0002853509042822617,0.0002793909078512504,-0.00040289933885859154,8.617103381584348e-05,4.302224937031474e-05,0.0006927311753545162,3.4443564872573017e-06,-0.00019611302047296304,-9.17740992928146e-05
0.00018066367797940514,-0.00091266618053557,-0.00020425537607078834,-4.792463646810967e-05,-0.00011420754556306141,0.0004111210542003306,-8.038521513638457e-05,2.3898707047995256e-05,-0.00747767683261698,-0.0003841017492260673,0.0,0.0001709287798271654,-5.7780411612107536e-05,-3.22654406005568e-05,0.0004904918682665362,-3.8315351047972695e-05,-0.0004832875177641887,7.850707501429274e-05,0.00023365470218275305,-0.0004452024139434838,-0.000998437776627102,-5.887558493735905e-05,7.727855232753893e-05,-7.085353001944732e-05,-0.00015740867652174322,-0.0002532278484299196
0.00014263232000560772,-0.0013292019042387784,-8.627516135784341e-05,0.00010616093158721598,-0.00030266095644375493,0.0004229661525309178,-0.00014999865125560788,5.318464914677454e-05,-0.007450015473032341,-0.0001110191052312163,0.0,0.00017257279462384157,-5.33088196157847e-05,-9.885764952914564e-05,0.00021444568715208278,3.68314416364482e-06,-0.00038982520750647696,0.00015718900245284884,-0.0002575737405393969,-0.00026505567153005974,0.00019115020371229487,0.00010830991478336806,-0.00010995214357748656,4.703378196444707e-05,-0.0001572249578068927,-0.00018367633049868316
0.00014221486933341278,-0.0021351262886997284,-6.512622738964689e-05,0.0001399299708975379,-0.00015172088872028705,0.0004700562726524744,-7.063744353410228e-05,0.00030890827833384105,-0.006234496112030434,-0.00010151160256034575,0.0,8.079433172332519e-05,-9.245189828727882e-05,-0.00024626414906589195,0.00031376553537686857,6.978749645333847e-06,0.0016373577401219267,4.3466618875953536e-05,0.0005177486304786379,-0.0001612362806931045,0.0002562354434443492,0.000206758597906654,0.0001210330887361843,3.9276762963606865e-05,0.00010254577634377686,-0.000200158638348291
0.0001303060220408488,-0.001629365090162083,-0.00030472996046550764,4.381974942577031e-05,-0.00021869220769392552,0.0003774833403411441,-3.0718761995391054e-05,0.0002983996517469575,-0.006891943613316024,3.5462777920070614e-06,0.0,0.00024331360614497757,-9.430831406801526e-06,3.246408622386703e-05,-2.5194916125311964e-05,1.11461612302688e-06,-0.00015061869200249593,0.0002011436404302721,4.939684369606515e-06,-0.0002341502049495646,0.00035938790971307236,7.322580353937148e-05,-0.00012038093756096746,1.810423900177348e-05,-9.260042224714934e-05,-0.00031687302412414275
0.00015586952589197322,-0.0012624105426301696,-0.00027126021389247,-2.0619253901071168e-05,-0.0003711277889299293,0.0004062980209499691,1.5576231906797928e-05,0.0003680149314324654,-0.007146217625114248,6.228356313643486e-05,0.0,4.157679900992605e-05,-8.327690615108252e-05,-0.0001727340601855036,2.304289727411246e-05,1.7528884763015045e-05,0.0012568388957085576,0.0001403747187945842,5.193076578954778e-05,-0.00024293636481906614,-0.00043218717924200595,0.000124707725363177,8.574140490465183e-05,4.4852486830477695e-05,-2.2812907177479974e-05,-0.00011563227459541183
0.00022923645073779622,-0.0009698425645877224,-0.00026283421854859365,-0.000120733109146221,-0.00040728932072515533,0.00035118438361758647,5.206766741581382e-07,0.0006062557938492627,-0.007365162553867823,0.00037746191900188045,0.0,0.00014323934752526784,-7.079036085477571e-05,0.0001833613635504803,3.382239679744311e-05,8.307757305624464e-06,0.0010059154370156088,0.00022030651934399834,0.000899086223184123,-0.0003007093476137481,-0.0008162818269415699,-0.00018598902500283353,7.992959881709419e-05,-4.005585829746547e-05,-0.00019206918448172081,-0.00011560551245353852
0.00013200578395077564,-0.0001907234096233986,-0.00026312335562832126,6.173309277504481e-05,-0.00016574197771856172,0.00026876468146915173,-5.413548468606244e-05,3.187924619261391e-05,-0.007518945860003041,7.150764467761552e-05,0.0,0.00011887414736334193,-5.7261500886910026e-05,6.854810528997221e-05,-5.452186176292408e-05,-8.107300865750858e-05,-0.0003291955755561974,0.00019085726566543803,-0.0002095309924203641,-0.00039596018517309045,0.00023875484952853626,-0.00016119833749122543,-5.696719608793061e-05,1.3705667070032311e-05,-0.00016267411328511826,-0.00012958466955782682
0.0002050296762654786,-0.00012219382108173932,-0.00033612852223995966,-5.181353747717173e-05,5.885499239120863e-05,0.0002904195460625488,4.378036956593385e-05,0.0007029888431139219,-0.007137882096455257,-0.00013941158744979398,0.0,0.00016227115315097372,-9.287284853976606e-06,5.431604717151995e-05,-0.00015947558322020484,-9.71355340147873e-05,0.0010868825309763468,-4.9008163659728696e-05,2.6591685461172184e-05,-0.0002981399135755186,-0.0008649887493634832,-0.00017744584988083168,7.591633477236927e-06,-3.926727962078516e-05,-2.1494745018765414e-05,-0.00012856578813934694
0.00020261147568537732,-0.00024376391073248598,-0.0002644030790099406,-1.1232473485742532e-05,9.015600278707784e-05,0.0002704372592130163,7.998343045647458e-06,0.00033589777433609474,-0.007623637128446907,-0.00012418088694783952,0.0,0.00013689275364444056,-2.45805175393261e-05,7.190935222854934e-05,-0.00015024554637340116,-8.400991715247537e-05,0.0010876996425023063,-2.6634091891690024e-05,-2.3702811965109666e-07,-0.00037790558671458354,-0.0008133443678570437,-0.00018692126099664535,-2.595883328945884e-06,-5.824904539075927e-05,-3.980479513474847e-05,-0.00014895326959735153
-8.736932768463379e-05,-0.0012153019240591523,-0.00017767308354351829,1.005039508937988e-06,-0.00026471207836555467,0.0002461646036632856,7.149088168798151e-07,-0.0009769251340807246,-0.005355559223198074,-0.005416779203067243,0.0,-1.0224483885061515e-05,-3.780589345484129e-05,0.00017105514427594046,-4.6129565443626026e-06,-9.367482886976563e-05,-0.00047818774920613646,-4.4192914952645725e-05,-0.0005113233558044633,-5.9109302814661034e-05,-0.0003315930194696349,-4.174480820452859e-05,-0.0001367412990804596,-4.277853513098032e-05,-0.00028547289940928896,-9.417448078931419e-05
6.56403264927208e-05,-3.0702941413986065e-05,-0.0002844172110677756,8.926208270731464e-05,-0.00020365237452231599,0.00017496026148591305,2.4223838121748346e-05,-0.0005399385150935392,-0.006819176205661975,0.003468467675314592,0.0,0.00041424649128773256,-5.813434437874416e-05,-0.00012298510318855987,-7.337623956526992e-05,2.1003872575067884e-05,-0.00022099603626114374,-9.224333603268862e-05,-0.00011932075155540393,-2.3887868158284143e-05,0.0003816367354455665,-1.7325567647562254e-05,-0.00014399554253396676,5.901760152740898e-05,2.8436490131076723e-06,-0.00017944225235079858
-5.7433046807550996e-05,-0.0008993929818711203,-0.00027037443410017127,7.24927900577762e-05,-0.0002522981759042569,0.00013471536172010074,8.95424893897062e-05,-0.0008003675953431039,-0.007047428273823147,-0.002156001899525452,0.0,0.00041497109131647764,9.283743803730932e-06,-9.965174965393413e-05,-3.379954453580646e-05,1.4884586367631769e-05,-0.00012627857594035228,-0.00019156084661649486,-0.000316264717437796,-0.0001444804686059332,0.00039732349172713264,-1.5259361386749343e-05,-5.299576176538196e-05,8.518624225688863e-05,-0.00016537643451561344,-8.263041214836454e-05
0.00011320101163502842,-6.397699007221367e-05,-0.0006376143873581592,0.0004313657501136536,-0.00012000112404562482,0.00027834984854293297,7.743416809807204e-06,5.482397657238691e-05,-0.00017249312923691782,0.0036906224953718912,0.0,0.0006187844754705451,-9.264237278904047e-05,-0.0002662645593001059,-5.361432046121139e-06,2.9922878702649748e-05,-0.0002721584979177222,-9.606622017356899e-05,-9.69047290499388e-06,-0.00039563863833800124,0.0005018938256852576,6.795848758752495e-05,-4.59694670342186e-05,0.00013909011804685977,0.00024465784222869034,-0.00013777837614162536
9.19246589798213e-05,-2.5505486167216044e-05,-0.0005983463617190198,0.00010822273739742263,3.6086480048064884e-05,0.00023342936345029675,6.075810782203058e-06,-0.0005199980135829764,-0.0033509731649113417,-0.0003027131357301219,0.0,0.0005610791382392144,-3.372107578156633e-05,-0.00037365734104543414,-1.7435076324075598e-05,0.00011107576768187663,-0.0002995411895233776,8.471976797711089e-07,-0.0002280420260456445,-0.0001995082737192074,0.00022668899558867393,-0.00017214363163939718,-0.0001584630877891183,0.00014525966829124972,-3.782062829436594e-05,-0.0003765896173086902
6.491997197603459e-05,-0.0001066947752118147,-0.0007909440085360003,0.00037369617306410154,-0.00021577472265063796,0.00026484253659312627,3.2261839855431763e-05,-5.604700908887703e-05,-0.00027621566008424736,7.828844711567082e-05,0.0,0.0005951645459592343,-1.4113762980258987e-05,-0.00013150227103789208,-4.00150783776291e-06,9.698497273516041e-05,-0.00016683907566694112,0.0002295414542045556,0.00014051110146898077,-0.0002181929998493814,0.0004255950916936513,2.940916168179638e-05,-9.954637521270239e-05,0.00024596229782726216,0.00014503656498932716,-4.10592371597745e-05
5.4420106859888475e-05,-4.57174687760274e-05,-0.0004692364077417077,0.00017356817152899758,-0.00013275105519132082,0.0002528616730907565,6.633073292984844e-05,-0.00034519650921613126,-0.001755955025589884,-0.00021948558163912462,0.0,0.0004894797902455857,1.5302022967498976e-05,-0.00015726693689902145,1.3389363093697807e-05,9.880150769457835e-05,-0.00014979296443536175,0.00013166309142992832,1.7876106415865906e-05,-0.00018400721441820926,3.281512346944574e-05,-6.103824287209255e-05,-0.0001119945037584567,0.00012604926665409367,0.00018772884849003137,-0.00010688029033368473
8.216772355641003e-05,-5.210683890762452e-05,-0.0002618685029430398,0.00018382303181575688,2.426737018546699e-05,0.00021343236231018234,-2.4422723861105866e-05,-0.0004475611604534845,-0.0068929213536842995,3.133574634089396e-05,0.0,0.0008711015283098295,5.748284956400908e-06,0.00031286375083677375,-4.154347152772685e-05,9.822678563799213e-05,-0.00030658909361461835,2.3481947669445498e-05,-6.394685106491845e-05,-0.00010647477717323147,0.00017232339957737878,-4.418343009562815e-05,-0.00010933389329213486,0.0001062439904569987,4.317086964980465e-05,-0.00013059622504720997
0.00014922148359100776,-0.00015531897791251422,-9.861899945140325e-05,0.0003528178916575003,7.736584525754079e-05,0.0002639408892183956,5.242873173680463e-05,5.8805527812441184e-05,-0.0004812241735302439,0.0006201980054308328,0.0,0.00038866073330104194,1.6670593005689663e-05,-0.00010905620094982427,1.964560869174716e-05,4.260641386106265e-05,2.531959867089962e-05,5.8354160938160494e-05,-5.4266025331767195e-06,-0.00019580641504368679,0.000199278765476407,-0.00018227746210893337,-0.00018829710612303663,0.0002386032592188977,0.00012448546232742824,-0.00011420974695150654
0.00014509567204389488,-0.0001640951585423046,-6.047095512920886e-05,2.8529508369682075e-05,0.00018422274170223354,0.0002371430786171227,6.380850841280499e-05,5.3918574780419875e-05,-0.0003594691287483723,0.00021784805687919136,0.0,0.00040683557387906377,-6.431136781930761e-06,-1.7849045024884816e-05,-1.1281815956886348e-05,6.042550457344076e-05,-5.703303059287365e-05,4.857102703538877e-05,7.36873149595767e-05,-0.00023549030538286804,0.00026571169910937805,-9.858249818373805e-05,-0.0001414780400519969,3.898857095323686e-05,0.0001041788967865748,-8.928401488561164e-05
0.00019876040220606113,-0.00017977697600398763,-6.591963979406315e-05,-0.00013582174147174292,0.0002551275710766006,0.0001540102799029748,3.7089690510286154e-05,5.978309565362498e-05,-0.000273483697699239,-0.00014741304399263684,0.0,0.0002490395928847527,-7.633781474554377e-06,5.835486196917179e-05,2.954670472500416e-05,2.1584982152538923e-05,0.0008543141262315126,-2.7056071367558042e-05,8.059770753410855e-05,-0.00023822099571791644,0.0005376349671008956,-0.0002576892784077055,-3.874528263621792e-06,0.000313855469638156,0.000265789149770794,-0.0003215652618405558
0.0001940135508727617,-0.0002087830497912003,-9.830431909812718e-05,1.6356962176848457e-05,0.00021696872329532262,0.0002230527927660135,-3.54230771220477e-05,5.460420354272789e-05,-0.0003793975412854953,-7.602163890686103e-05,0.0,0.0001777309225829421,3.792896633583148e-05,3.9142928927940055e-05,3.871572986784255e-05,2.471411440124749e-05,0.0008842373127346336,1.301095156287925e-05,0.00013557471488862653,-0.0002984474628183068,0.0006832925983485579,-0.00011070409440902704,9.42080814723264e-05,0.00033256820437992866,0.00020356565069551327,-0.00025531463625124237
4.649645667188999e-05,-0.00010889799886351622,-4.8982394636010414e-05,6.206263106626961e-05,0.00038980126908442076,0.00032792620852642945,-0.00015498022698928423,-0.0001431844750417946,-0.00018464992269087157,0.00022215033114917146,0.0,-0.00046953329978003625,-7.732045824828598e-05,9.676998497080478e-05,3.940961540541753e-05,1.9662954028221974e-05,0.0009267737701769957,-0.0001596544182237019,0.00013753354517695356,-0.0003235488905202373,-0.0003928791433576414,-0.00021409083254926887,3.602039297412152e-05,-0.00010258658915805761,6.32046277984739e-05,-0.00022645560687841604
0.00015411543762757114,-4.179691373978696e-05,-0.0001774463705689573,0.0001250363329657773,0.00036039169017175097,0.00042669384236392456,-5.1636707772746334e-05,2.0494323864548742e-06,-6.040092657162547e-05,0.0003261190094890349,0.0,0.00042592785951969266,-0.00015223401902284749,-0.00011418013546181063,-9.617664589128068e-05,4.493622053349297e-05,-9.336136708391522e-05,-0.00022645060636833424,9.512209507349543e-07,-0.00016891389390697408,0.00044896576953503504,-4.6683228362648934e-05,-3.319905144187282e-05,-2.8343925445673022e-05,8.384095065376659e-06,7.412084965757317e-05
0.00016028083094263198,-2.7404422647004848e-05,-2.768099777942039e-05,0.00033329175419452784,0.0012725654474896265,0.00039704807654305645,-3.0997351644736944e-05,3.912549382994684e-05,3.467175807224711e-05,0.00039709163862616836,0.0,7.743570448464441e-05,-0.00012928278221060387,6.897690009424049e-05,-6.888718049650994e-05,-2.8998495621710047e-05,-4.512165491514055e-05,-0.00026541281155029916,-1.864880406430914e-05,-6.241502876668744e-05,-0.0010663534617490838,-0.00014613668604532886,-0.00034609596835008234,-1.5600363050730703e-05,7.759413434802796e-05,-1.353425982944722e-05
0.00016745829351807453,4.785493231662755e-05,4.34878649356822e-06,0.0001532888630073467,0.001485430785145713,0.00044455570284653267,2.7701773536189758e-05,0.0001880794353866674,5.178139443326479e-05,0.00010339021926691646,0.0,7.399662046654166e-05,-8.732541912126904e-05,0.00019834485029586829,9.070682161750479e-07,1.3146031986509952e-05,5.571334436217159e-05,-1.1557109061895087e-05,8.772670224563058e-05,-0.00021686770481587877,2.382273329334313e-05,-0.00017687160892294242,-0.00031420509892807164,8.21314305397157e-05,0.0001195001165169089,0.00010448777022591243
0.00024140184573950583,7.746386760593732e-05,-1.7044704353373656e-05,0.00011803404687174282,0.001357964066888284,0.00046061877103103566,5.333967704246427e-06,0.0001387821456563272,2.0028862226700203e-05,6.62859792188896e-05,0.0,0.00018924894493975572,-0.00018584225869111188,0.00024950617920525673,-8.339627009548754e-07,-1.9098043718064612e-05,2.364325240840424e-05,2.0127418948537156e-05,0.00024309081766160686,-0.00022140424033241269,-0.0006594651617799814,-0.000134178947764594,-0.00029741215188804635,2.123183209664065e-05,8.132212443940864e-05,7.578364151326151e-05
0.00024311530872277935,8.215180233584801e-05,3.895720168262152e-05,0.00015270173876253605,0.0014068880703075179,0.0004442278355547836,-6.935754460129368e-07,0.00017527140984298966,1.0226829168411488e-05,0.00027308385004799285,0.0,6.854589263881863e-05,-0.0001646892357936648,0.00021798715972190015,-5.05781578764984e-05,-3.702233819123455e-05,-9.033335673965642e-06,3.6202227376161854e-05,-5.167407803887343e-05,-0.00026302183931648545,-0.0006097466482605498,-0.00017606548114490006,-0.0004068053681709042,3.666989587231193e-05,9.65048846320025e-05,5.05305539985101e-05
0.0003210058509584221,9.650274961381616e-05,-6.894111228201852e-05,1.290551337250848e-05,0.0012198810498948436,0.0004366986777065455,4.362413560984882e-06,0.00013491091433697418,1.9728453875907478e-05,0.00016883645179390435,0.0,0.000278358927861851,-0.0001775341546976793,0.00035698175156299253,-3.9680942533790625e-05,-1.4054949953683239e-05,-7.301784866995528e-06,-8.698548789202052e-06,0.000254371997282903,-0.00029249186565940107,-0.0008529646055118346,-0.00016577179331010546,-0.00028663305328563275,1.8686960746254065e-05,0.00010413475009460334,0.0001168844464377567
0.00011980517168401337,0.00022452802057990176,-0.0001071562972631708,0.00015431274111102526,0.0011871469273147897,0.000383976223346473,1.8037748523032328e-05,8.222881672799749e-05,-8.270437569561013e-05,9.909291321587132e-05,0.0,-7.257725664129428e-05,-0.0001666974420234453,0.00025581420793725567,4.502649692757624e-06,-3.23530488351669e-05,0.0005569152118379809,5.3936967382673634e-05,0.0002025040497566775,-0.0002817901064771723,-0.0012619708618455102,-0.0001267403421528336,-0.0005674456342145463,-4.761008458042874e-05,0.0002604925389506398,0.00011998258427867694
0.00020958713257510648,-0.0001314645899660234,3.006161398945394e-05,-1.5583673909673403e-05,0.000496100250941318,0.00014607734645346703,3.055363764077408e-05,-0.00011862153815792868,-0.0004524682817159029,-0.0011237050339961635,0.0,-0.00015032058775381438,-2.7153635156249294e-05,1.0746932890454646e-05,-7.12655810261129e-05,2.224990019249555e-06,-0.00038650911003382975,9.008717602736164e-07,-0.00029985945885787024,-7.077679237191345e-05,0.0007098478868915555,-0.0001497345500649118,-0.00013149656349024485,7.774481920917096e-05,8.807223326649646e-06,8.637167304347854e-05
0.00015671509099045652,3.943740569427881e-05,0.00010298222375981181,4.128835190974856e-05,0.00011469062362044118,0.00014845672338055705,-4.953420596384494e-06,-1.9884866008178798e-05,-0.0002819373080115684,0.00042316103936692836,0.0,-7.597133275340358e-05,7.032399010844708e-05,-8.17528720017444e-05,-6.251236891737473e-06,0.00010018665184363154,-0.0004039802501452949,0.00010778470105399965,-0.00022672778657851876,-0.00018056989520106337,0.0007941953666106457,-9.876477916971233e-05,-0.0002465097855865152,0.00015820646893003614,6.113364025099277e-05,2.9174288962482345e-05
3.503149188149894e-05,3.6132095474109445e-05,-9.934112635917442e-06,1.5506679585988866e-05,0.0003025064604827805,7.772087030951766e-05,-4.975908178443433e-05,-0.0005694913659671242,-0.0018700761048557177,-0.000604849745459198,0.0,-0.00010552519886246972,-1.6862386111006586e-05,-2.0332766361933438e-05,-0.0001020312637872859,-7.71700748348552e-05,-0.0003209759371054782,0.00019199909670335517,4.158099393610703e-05,-0.0002484757057872489,0.00017463872638883313,-9.62772884493829e-05,-6.229310313299308e-05,0.00012380609438334585,-4.256913664781171e-05,2.0998543431546976e-05
0.00010852091032879925,0.00014684091565352864,-2.85900208424265e-05,7.923366518821165e-05,0.00025642204913222495,8.448320254710647e-05,-9.497437893051515e-06,-2.3794575577390396e-05,-0.0001983533062997922,0.0005529455250323762,0.0,-0.0002371124989127196,-4.189947408387249e-05,3.377571584949803e-05,-0.00010871761231424783,2.0381441944541415e-05,-0.00011577678123372307,4.945117313503365e-05,1.331027392341699e-06,-9.618237049174137e-05,0.00033723784585572227,-1.0745444435703145e-06,-6.4679948154111e-05,0.00015207117933313904,4.895409594089055e-05,2.951227830287645e-05
6.464254988759639e-05,-5.9949059798329555e-05,3.7749122317882156e-05,5.631589205251584e-05,0.00013233568633858758,0.00011941244312509355,1.5226404726080606e-05,-1.8510408231981443e-05,-0.00011839285415174059,-3.011469290475909e-07,0.0,5.259740678065182e-05,-6.493926418040492e-05,0.0001998468878950867,-8.654906218150941e-05,6.764146887367281e-05,-0.0007335533508774265,-9.10788539119721e-05,6.892785778101618e-05,-0.00019402844133450733,0.0006416767575127201,-3.355408747682066e-06,3.424819922244158e-05,0.0002614907419866702,8.93388181905248e-05,3.8139717106141824e-05
0.00019066324644740032,-0.00014721993300884865,-2.52998567356548e-05,-2.777280642362149e-05,-0.0001217894900948186,6.309438032096942e-05,-3.0830986358115717e-05,-0.00012450287559725965,-0.00033728204345730584,-0.000548191596684078,0.0,-1.2077414752837993e-06,-7.157446566236773e-05,0.00011632249585869505,-9.575736528580235e-06,2.4315244879017336e-05,0.0013650846671386082,-0.00015778445350715311,4.4274039535491434e-05,-0.00014076785415115617,0.0005155885300852645,-0.00026982202926269125,0.00012226812523948345,0.00021295514557088382,0.00016142238318338312,7.908391347396339e-06
0.00020414820728865008,8.942973077249635e-07,-2.9742246272005444e-05,2.756094885438911e-05,-8.923854208660111e-05,8.25822835198507e-05,-6.839315460734087e-05,-9.737329875582819e-05,-0.00025513064999642886,0.0006313930285588742,0.0,-8.322343195187634e-05,2.549363074495279e-05,6.149370740089683e-05,-2.7214830486523854e-05,3.546938170848208e-05,0.001373633603137278,-0.0002576649032912487,-1.0697649967337348e-05,-0.0001561570786736327,0.0005573626542030473,-0.0002748350411542956,0.00012140506649315458,0.00024296679730720293,0.00014141015456100008,5.693218744000262e-05
0.0001675205977243421,5.2829205555848634e-05,0.00020653222983134934,-9.292821509116745e-06,-2.858538767609241e-05,4.227118794512837e-05,-2.5253503755808454e-05,-0.0007428824569258399,-0.007149683357792723,-0.0002991102850464934,0.0,8.691192341249078e-06,-6.754174836633016e-05,-6.193723541962286e-05,2.699898668595371e-05,-8.412826866914813e-06,0.0017137343754963052,-0.00025681853375623465,0.0003351000360872305,5.525360601055965e-05,0.0007078540714833054,-0.0001984911125782914,0.00016323597436648435,5.089836282176501e-05,-2.513617195975011e-05,0.00016836862389000602
0.00016458162715729822,0.00011537812443155496,1.6016851531169708e-05,3.071748505537116e-05,-0.00016253532203104845,5.428700216524287e-05,-1.554342076082389e-06,-0.0006944241778285448,-0.0030965425800441645,0.0002758562838355228,0.0,-1.4301360637455587e-05,-2.279655467651921e-05,-1.0373120686551954e-06,-2.0199077387465235e-05,3.975659804343847e-06,0.0015936052720355678,-0.00022988748547778172,0.00016203602394890536,-0.00011618597068432562,0.0005901775664641529,-0.00012344230828886625,0.0001581050581789982,0.00014667805605864215,7.702228922225123e-05,0.00010881485809971588
0.0001784183136794318,7.81548941258259e-05,-4.882257741176533e-05,0.00018082109128442355,7.002292262170526e-05,0.000293309601690487,-0.0001442799706750578,-0.00011994229965155464,-0.0005622866540820412,0.0005041223523962432,0.0,-0.00010990057826935014,-2.537363424896295e-07,0.00022153472908172453,-1.2870113305874108e-05,5.934399738288374e-05,0.0015962854186862981,5.770604992157398e-06,0.0003779240859903368,-0.0002838813819605888,-0.000878433662157518,-8.96725445070897e-05,-3.482290348601179e-05,-0.00029000614018831423,-1.117817877054109e-05,2.4289755676114214e-05
0.00013672938761588485,-4.173865056199327e-05,-6.212069050364795e-05,1.286286314057917e-05,-0.00027383527273986313,0.00018723626304780475,-4.73777120733178e-05,-0.00012673025602639697,3.752390410748414e-05,0.00014003756415413124,0.0,0.00023978310803623353,-7.593489085724917e-05,-4.084290296752696e-05,-0.0001123971837973667,3.573503828923792e-05,-0.00026331073838624326,-0.0003211238114698669,-0.00017984710788917076,-0.000364729634822355,-0.0006247765742528029,-0.00013510642860385119,-6.789294254584153e-05,-4.044906043102845e-05,3.2904349696160174e-05,-4.52124523532307e-05
0.00015866448729588535,5.850616445982083e-05,-4.808839342063206e-05,3.462168217871379e-06,-0.00017059682926154652,0.0002488129915155792,2.69287376749596e-05,-9.12514262292712e-05,-0.0004036095845500395,-0.0001772172393549046,0.0,0.00022299153688618077,-3.987072207191302e-05,-2.7111083240428488e-05,-0.00010065256274823764,1.9123359226679893e-05,0.0005329877672520665,-0.00010110481792535615,-4.524505721374615e-06,-0.00035093448501183897,-0.0007914723198508888,-7.925489346183224e-05,-0.00013762318049497137,-0.00018487728030470302,3.017957370227183e-05,7.359903925652399e-05
6.308743623747995e-05,-2.3817732960136953e-05,-3.2426486475149475e-05,-9.465744057590539e-05,-8.82897679661641e-05,0.00026924927186301387,-1.4368167661305794e-05,-0.00014889354043561877,-0.0006070556952615445,-8.900186251111916e-05,0.0,0.00025414370607063666,-1.2444145398959328e-06,-3.3369091462031185e-05,-9.194944487580922e-05,3.669791091553162e-06,-0.00015273981851029228,-0.0004313319718704609,-0.00012053830152261706,-0.0003706526944892429,-0.0006296457668512529,-0.00011343135224225504,3.5149872305306545e-05,-7.79881721364387e-05,-8.903224386614991e-05,-2.7721970657120325e-05
0.00010384342321588104,0.00014593232355896037,-8.270871419135519e-06,-7.513141470240093e-05,-9.789904155006456e-05,0.00024223461832599438,-3.917860710959578e-05,-0.000793008074276606,-0.0023322663423542066,-8.179151294801096e-05,0.0,0.00021182229453490167,-6.422620879772105e-06,-1.6093400876558087e-05,-7.09205124320023e-05,-1.2384149084789803e-05,0.00047230411592369366,-0.00012722008011458382,-3.243770610217283e-05,-0.0002528048485769264,-0.0011439908689936087,-0.00011934238400059793,3.0327068015846342e-05,-0.0002630543566734377,-2.5460573120280353e-06,2.4605944764830986e-05
-3.304710543886205e-05,0.00013956894155224325,-3.5456021783745097e-05,-6.9521807056778e-05,-8.070093405944657e-05,0.0002804397882309193,-1.805854596273558e-05,-9.963267181317879e-05,-0.000430507755624622,0.0005495999479418089,0.0,5.5818631344106084e-05,4.204080656662558e-05,-1.733608748564976e-05,-0.00018155301610170747,4.851266294882016e-05,-0.00021825149743367165,-0.00025618529261380333,-0.00014631687298632577,-0.0003834615157251971,-0.000824624100451356,-0.00010666389499917618,1.983912602737801e-05,-0.00015019374450900096,2.834132123426921e-05,-0.00010614657827513722
-3.0739669455979426e-05,0.0001402943587184562,-3.4011729832636576e-05,-8.264208742512594e-05,-0.0002464456932198295,0.00022781816302062827,-8.485952706535709e-05,-0.00010569217994689794,-0.0004171149940355937,-0.00012560168282461684,0.0,-3.906652262146528e-05,3.429122176427338e-05,-1.4370742974096005e-05,-0.00016707100698951452,3.348216197864899e-05,-0.0003331532544907612,-0.00030379367202754186,-0.00014383288925552042,-0.00034729926460274593,-0.0009874369821997887,-9.840644422521361e-05,-7.840643628939898e-06,-0.00017215375609022686,-2.4113235890157906e-05,-0.0001118358970302065
-2.5627977396888593e-05,-1.048519000704007e-05,-3.801543746162606e-05,-6.55132349365835e-05,-0.0001831040872963707,0.00028165146790177397,-9.490600359569822e-05,-0.00013809775039256485,-0.0003354104944935292,-0.0001590636979175029,0.0,-2.9371664341136025e-05,-2.8870270287397085e-05,-4.352595259825243e-06,-0.00016139639738925747,2.757235203287018e-05,-0.00012928331786038835,-0.00038371053852924545,-7.913453541475396e-05,-0.00030366554007463394,-0.0010740138545345188,-0.00011145515842704362,5.805922094625316e-05,-7.623867870956747e-05,-4.953746448448587e-05,-0.0001564319525818509
6.60770584820262e-05,9.225730132822815e-05,-6.96422823606446e-05,-5.048536650601562e-05,-0.00021289581018830195,0.0002549183819142956,-0.000114487541872669,-4.04274209399073e-05,-0.00045332996783413454,-9.473949781022611e-05,0.0,3.473331209410586e-05,-9.573718002296653e-07,0.00014374176893191897,-0.00012221602798659335,1.4490888065418515e-05,-0.00026125586880708607,-0.00016673999277546555,-8.433046342749878e-05,-0.00044642183286480735,-0.0006710258390887235,-6.065204925480713e-05,1.6241455519566524e-06,-0.0001269552938706235,-2.221281030157089e-05,-6.093050902551294e-05
-1.0008722089220863e-05,-7.347781625118433e-05,-6.47951685215454e-05,-5.668839337535953e-05,-0.0002350977211776659,0.0002523874103714153,-4.1324701235421e-05,-9.872630243116142e-05,-0.0003147844794098337,0.0001401954205670601,0.0,-1.3661764604184332e-05,-2.6465362867726723e-05,0.00019819585498760266,-0.0001793031201020724,2.221877704246712e-05,-0.0004000075426528073,-0.00017808760392016404,-4.000417894856763e-05,-0.0004900471142243608,-0.00038564375468761196,-0.00014738899216177242,-1.0559709766971193e-05,-0.00010320355940501169,7.869608167138326e-05,-3.0310559778089218e-05
0.00025705018530569796,9.434542547024305e-05,-8.234156905648508e-05,-3.1187119409186814e-05,-0.00020253051381412374,0.00013469344978525764,7.71766505255382e-05,-2.8384433673053633e-05,-0.0002964591902179067,0.00038403629696426615,0.0,-5.569139068317719e-05,-6.81022055621921e-05,5.2737425802017506e-05,-0.0001639489956516307,5.1551466483119204e-05,-0.0004236128687879765,-0.00015413524673762557,-4.6628863935787786e-05,-0.00027461731041826293,0.0006311422691652683,-6.311226085400333e-05,1.8125950415551415e-05,0.00011914460929253499,0.00011440343842374717,-5.2853445811910016e-05
0.0003656578275277202,0.00020934403448361603,3.707551707461584e-05,6.5347038787410515e-06,-0.00012364323139620577,5.717544356296343e-05,1.952567803776785e-05,-4.974184079321073e-05,-0.0004639468192509506,6.350893656147234e-05,0.0,-4.7801319785342185e-06,-9.61782474337873e-05,5.1519476460854114e-05,-6.727150394414618e-05,4.57320596435679e-05,0.0021393003894935292,-0.00019198289137162554,-3.7333034829847295e-05,-0.00024300998752297372,0.001038985325065002,-3.488002453573765e-06,6.808961540252618e-05,0.0003572918375454609,0.0003524183827683512,-3.4668257405935704e-06
0.00024579291937143477,0.00023280247110902332,2.6215148102048792e-05,-3.5419056312729207e-05,-0.00017393136634658978,6.303656830567324e-05,7.253202167548622e-06,-1.9787147387348242e-05,-0.0003966547173328393,-4.352370370492048e-05,0.0,4.7801635684970766e-05,-7.381790916541346e-05,3.4749081887601946e-05,-7.060730744085685e-05,5.5857851061395095e-05,0.0021236621526682068,-7.021166080546499e-05,1.3101055419491037e-05,-0.00014651328300558367,0.0011227120640620902,6.332654519739629e-05,5.9333203695848284e-05,0.0004471410655345502,0.00032162054579613106,1.2185937556159435e-05
8.403081044397016e-05,-7.53486453838169e-05,3.260422776397195e-06,-0.00011315771270592412,-0.0002230919262338899,0.00022856078309059613,-1.8657937904079235e-05,-0.0001890142895958264,-0.00037808482927687367,-9.017882195093524e-05,0.0,-0.000188610357223152,-7.342441287996926e-05,-5.969717648975666e-05,-0.00013414127910757386,0.0001637662806084213,0.0009667461858673768,-0.0002451102035615817,-0.00014858685019341573,-0.00029703135493136274,-0.0014668081946841735,-3.040374560070962e-05,-0.0008497959247014902,-0.00012474780872916364,-4.5675183846518296e-05,-2.638939581396989e-06
0.0005401595016930447,0.00013473686979657333,2.948816537116625e-05,-4.4298771552373195e-05,7.639559819460522e-05,0.00019430468864076145,2.3876442942851285e-05,7.4716405409169266e-06,-0.000590168307533628,-0.0003547011080448118,0.0,-0.0001657351293723485,0.00012817313135357866,0.0004117254680674586,2.131534248148743e-05,-3.828813307426834e-06,-0.002978063324201591,-2.8229134625214006e-05,-0.0017426490925110288,-0.00016767026863477358,0.0004387377206868904,3.508189396784876e-05,0.0003015005600042959,0.00014312861816399267,5.8930210864251576e-05,1.5220259928209495e-06
0.00021978031981932428,-4.888974662001438e-05,-2.189294402963938e-05,-1.6573331351588524e-05,-3.450989768088056e-05,0.0001838628859506666,0.0001108054192537953,4.6330477027436634e-05,-0.0006013829880970701,-0.0012107947752188631,0.0,-0.00010371482811010203,6.95106664462322e-05,9.298082429685845e-05,-0.00017205313967969506,6.740918255708153e-05,-0.0002075575672190931,-0.00012184116132727232,-0.00030155641283146603,-0.00020001556412727837,0.0007132525193964625,1.4617003692243945e-05,0.0003241872266945488,0.00015567127325778244,6.41869370507529e-05,8.809327458745866e-05
0.00015980106315360772,-0.0001073535314829097,0.00011759442934656878,4.658465640961133e-07,-4.582667509704498e-05,0.00020887687153677036,-1.969583430683312e-05,-0.0006838871792159113,-0.007064059862117706,-0.000697915198192453,0.0,-0.00024759839866703945,2.39639501422275e-05,-0.00013216188879329062,-5.5057173787984e-05,-1.7541082943631015e-05,-0.0004008855503581071,-0.0004458167636533019,-0.00033951753305913216,-0.00017314358355455584,0.00029105643425551174,-6.223674109876988e-05,0.0002913113254603768,8.666013524139194e-05,-7.798624716740106e-05,0.00011583980719651934
